yyyymmdd,visiting Team,visiting League,home team,home league , Visiting team score,home team score
20150405,SLN,NL,CHN,NL,3,0
20150406,MIN,AL,DET,AL,0,4
20150406,CLE,AL,HOU,AL,0,2
20150406,CHA,AL,KCA,AL,1,10
20150406,TOR,AL,NYA,AL,6,1
20150406,TEX,AL,OAK,AL,0,8
20150406,ANA,AL,SEA,AL,1,4
20150406,BAL,AL,TBA,AL,6,2
20150406,SFN,NL,ARI,NL,5,4
20150406,PIT,NL,CIN,NL,2,5
20150406,SDN,NL,LAN,NL,3,6
20150406,ATL,NL,MIA,NL,2,1
20150406,COL,NL,MIL,NL,10,0
20150406,BOS,AL,PHI,NL,8,0
20150406,NYN,NL,WAS,NL,3,1
20150407,TEX,AL,OAK,AL,3,1
20150407,ANA,AL,SEA,AL,2,0
20150407,BAL,AL,TBA,AL,6,5
20150407,SFN,NL,ARI,NL,6,7
20150407,SDN,NL,LAN,NL,7,3
20150407,ATL,NL,MIA,NL,12,2
20150407,COL,NL,MIL,NL,5,2
20150408,MIN,AL,DET,AL,0,11
20150408,CLE,AL,HOU,AL,2,0
20150408,CHA,AL,KCA,AL,5,7
20150408,TOR,AL,NYA,AL,3,4
20150408,TEX,AL,OAK,AL,0,10
20150408,ANA,AL,SEA,AL,5,3
20150408,BAL,AL,TBA,AL,0,2
20150408,SFN,NL,ARI,NL,5,2
20150408,SLN,NL,CHN,NL,0,2
20150408,PIT,NL,CIN,NL,4,5
20150408,SDN,NL,LAN,NL,4,7
20150408,ATL,NL,MIA,NL,2,0
20150408,COL,NL,MIL,NL,5,4
20150408,BOS,AL,PHI,NL,2,4
20150408,NYN,NL,WAS,NL,1,2
20150409,MIN,AL,DET,AL,1,7
20150409,CLE,AL,HOU,AL,5,1
20150409,CHA,AL,KCA,AL,1,4
20150409,TOR,AL,NYA,AL,6,3
20150409,TEX,AL,OAK,AL,10,1
20150409,PIT,NL,CIN,NL,2,3
20150409,BOS,AL,PHI,NL,6,2
20150409,SFN,NL,SDN,NL,1,0
20150409,NYN,NL,WAS,NL,6,3
20150410,KCA,AL,ANA,AL,4,2
20150410,TOR,AL,BAL,AL,12,5
20150410,MIN,AL,CHA,AL,6,0
20150410,DET,AL,CLE,AL,8,4
20150410,BOS,AL,NYA,AL,6,5
20150410,SEA,AL,OAK,AL,0,12
20150410,HOU,AL,TEX,AL,5,1
20150410,LAN,NL,ARI,NL,3,4
20150410,NYN,NL,ATL,NL,3,5
20150410,SLN,NL,CIN,NL,4,5
20150410,CHN,NL,COL,NL,1,5
20150410,TBA,AL,MIA,NL,9,10
20150410,PIT,NL,MIL,NL,6,2
20150410,WAS,NL,PHI,NL,1,4
20150410,SFN,NL,SDN,NL,0,1
20150411,KCA,AL,ANA,AL,6,4
20150411,TOR,AL,BAL,AL,1,7
20150411,MIN,AL,CHA,AL,4,5
20150411,DET,AL,CLE,AL,9,6
20150411,BOS,AL,NYA,AL,8,4
20150411,SEA,AL,OAK,AL,5,4
20150411,HOU,AL,TEX,AL,2,6
20150411,LAN,NL,ARI,NL,0,6
20150411,NYN,NL,ATL,NL,3,5
20150411,SLN,NL,CIN,NL,4,1
20150411,CHN,NL,COL,NL,9,5
20150411,TBA,AL,MIA,NL,2,0
20150411,PIT,NL,MIL,NL,0,6
20150411,WAS,NL,PHI,NL,2,3
20150411,SFN,NL,SDN,NL,2,10
20150412,KCA,AL,ANA,AL,9,2
20150412,TOR,AL,BAL,AL,10,7
20150412,MIN,AL,CHA,AL,2,6
20150412,DET,AL,CLE,AL,8,5
20150412,BOS,AL,NYA,AL,4,14
20150412,SEA,AL,OAK,AL,8,7
20150412,HOU,AL,TEX,AL,6,4
20150412,LAN,NL,ARI,NL,7,4
20150412,NYN,NL,ATL,NL,4,3
20150412,SLN,NL,CIN,NL,7,5
20150412,CHN,NL,COL,NL,6,5
20150412,TBA,AL,MIA,NL,8,5
20150412,PIT,NL,MIL,NL,10,2
20150412,WAS,NL,PHI,NL,4,3
20150412,SFN,NL,SDN,NL,4,6
20150413,NYA,AL,BAL,AL,6,5
20150413,WAS,NL,BOS,AL,4,9
20150413,OAK,AL,HOU,AL,8,1
20150413,KCA,AL,MIN,AL,12,3
20150413,ANA,AL,TEX,AL,6,3
20150413,TBA,AL,TOR,AL,2,1
20150413,MIA,NL,ATL,NL,2,3
20150413,CIN,NL,CHN,NL,6,7
20150413,SEA,AL,LAN,NL,5,6
20150413,PHI,NL,NYN,NL,0,2
20150413,DET,AL,PIT,NL,4,5
20150413,ARI,NL,SDN,NL,8,4
20150413,COL,NL,SFN,NL,2,0
20150413,MIL,NL,SLN,NL,5,4
20150414,NYA,AL,BAL,AL,3,4
20150414,WAS,NL,BOS,AL,7,8
20150414,CHA,AL,CLE,AL,4,1
20150414,OAK,AL,HOU,AL,4,0
20150414,ANA,AL,TEX,AL,2,8
20150414,TBA,AL,TOR,AL,3,2
20150414,MIA,NL,ATL,NL,8,2
20150414,CIN,NL,CHN,NL,3,2
20150414,SEA,AL,LAN,NL,5,6
20150414,PHI,NL,NYN,NL,5,6
20150414,DET,AL,PIT,NL,2,0
20150414,ARI,NL,SDN,NL,1,5
20150414,COL,NL,SFN,NL,4,1
20150415,NYA,AL,BAL,AL,5,7
20150415,WAS,NL,BOS,AL,10,5
20150415,CHA,AL,CLE,AL,2,4
20150415,OAK,AL,HOU,AL,1,6
20150415,KCA,AL,MIN,AL,1,3
20150415,ANA,AL,TEX,AL,10,2
20150415,TBA,AL,TOR,AL,7,12
20150415,MIA,NL,ATL,NL,6,2
20150415,CIN,NL,CHN,NL,0,5
20150415,SEA,AL,LAN,NL,2,5
20150415,PHI,NL,NYN,NL,1,6
20150415,DET,AL,PIT,NL,1,0
20150415,ARI,NL,SDN,NL,2,3
20150415,COL,NL,SFN,NL,4,2
20150415,MIL,NL,SLN,NL,2,4
20150416,KCA,AL,MIN,AL,5,8
20150416,TBA,AL,TOR,AL,4,2
20150416,MIA,NL,NYN,NL,5,7
20150416,ARI,NL,SFN,NL,7,6
20150416,MIL,NL,SLN,NL,0,4
20150416,PHI,NL,WAS,NL,2,5
20150417,BAL,AL,BOS,AL,2,3
20150417,CHA,AL,DET,AL,1,2
20150417,ANA,AL,HOU,AL,6,3
20150417,OAK,AL,KCA,AL,4,6
20150417,CLE,AL,MIN,AL,2,3
20150417,TEX,AL,SEA,AL,3,1
20150417,NYA,AL,TBA,AL,5,4
20150417,ATL,NL,TOR,AL,8,7
20150417,SDN,NL,CHN,NL,5,4
20150417,COL,NL,LAN,NL,3,7
20150417,MIA,NL,NYN,NL,1,4
20150417,MIL,NL,PIT,NL,3,6
20150417,ARI,NL,SFN,NL,9,0
20150417,CIN,NL,SLN,NL,1,6
20150417,PHI,NL,WAS,NL,2,7
20150418,BAL,AL,BOS,AL,4,1
20150418,CHA,AL,DET,AL,12,3
20150418,ANA,AL,HOU,AL,0,4
20150418,OAK,AL,KCA,AL,5,0
20150418,CLE,AL,MIN,AL,4,2
20150418,TEX,AL,SEA,AL,1,3
20150418,NYA,AL,TBA,AL,9,0
20150418,ATL,NL,TOR,AL,5,6
20150418,SDN,NL,CHN,NL,6,7
20150418,COL,NL,LAN,NL,3,6
20150418,MIA,NL,NYN,NL,4,5
20150418,MIL,NL,PIT,NL,2,6
20150418,ARI,NL,SFN,NL,1,4
20150418,CIN,NL,SLN,NL,2,5
20150418,PHI,NL,WAS,NL,5,3
20150419,BAL,AL,BOS,AL,8,3
20150419,CHA,AL,DET,AL,1,9
20150419,ANA,AL,HOU,AL,3,4
20150419,OAK,AL,KCA,AL,2,4
20150419,CLE,AL,MIN,AL,2,7
20150419,TEX,AL,SEA,AL,10,11
20150419,NYA,AL,TBA,AL,5,3
20150419,ATL,NL,TOR,AL,5,2
20150419,SDN,NL,CHN,NL,5,2
20150419,COL,NL,LAN,NL,0,7
20150419,MIA,NL,NYN,NL,6,7
20150419,MIL,NL,PIT,NL,2,5
20150419,ARI,NL,SFN,NL,5,1
20150419,CIN,NL,SLN,NL,1,2
20150419,PHI,NL,WAS,NL,1,4
20150420,OAK,AL,ANA,AL,6,3
20150420,BAL,AL,BOS,AL,1,7
20150420,CLE,AL,CHA,AL,3,4
20150420,NYA,AL,DET,AL,1,2
20150420,MIN,AL,KCA,AL,1,7
20150420,HOU,AL,SEA,AL,7,5
20150420,SDN,NL,COL,NL,14,3
20150420,CIN,NL,MIL,NL,6,1
20150420,CHN,NL,PIT,NL,5,2
20150421,OAK,AL,ANA,AL,1,14
20150421,CLE,AL,CHA,AL,6,2
20150421,NYA,AL,DET,AL,5,2
20150421,MIN,AL,KCA,AL,5,6
20150421,HOU,AL,SEA,AL,6,3
20150421,BOS,AL,TBA,AL,1,0
20150421,BAL,AL,TOR,AL,6,13
20150421,TEX,AL,ARI,NL,7,1
20150421,SDN,NL,COL,NL,7,6
20150421,CIN,NL,MIL,NL,16,10
20150421,ATL,NL,NYN,NL,1,7
20150421,MIA,NL,PHI,NL,3,7
20150421,CHN,NL,PIT,NL,9,8
20150421,LAN,NL,SFN,NL,2,6
20150421,SLN,NL,WAS,NL,1,2
20150422,OAK,AL,ANA,AL,9,2
20150422,CLE,AL,CHA,AL,0,6
20150422,NYA,AL,DET,AL,13,4
20150422,MIN,AL,KCA,AL,3,0
20150422,HOU,AL,SEA,AL,2,3
20150422,BOS,AL,TBA,AL,5,7
20150422,BAL,AL,TOR,AL,2,4
20150422,TEX,AL,ARI,NL,5,8
20150422,SDN,NL,COL,NL,4,5
20150422,CIN,NL,MIL,NL,2,1
20150422,ATL,NL,NYN,NL,2,3
20150422,MIA,NL,PHI,NL,6,1
20150422,CHN,NL,PIT,NL,3,4
20150422,LAN,NL,SFN,NL,2,3
20150422,SLN,NL,WAS,NL,7,5
20150423,OAK,AL,ANA,AL,0,2
20150423,KCA,AL,CHA,AL,3,2
20150423,NYA,AL,DET,AL,2,1
20150423,BOS,AL,TBA,AL,1,2
20150423,BAL,AL,TOR,AL,6,7
20150423,SDN,NL,COL,NL,1,2
20150423,CIN,NL,MIL,NL,2,4
20150423,ATL,NL,NYN,NL,3,6
20150423,MIA,NL,PHI,NL,9,1
20150423,CHN,NL,PIT,NL,4,5
20150423,LAN,NL,SFN,NL,2,3
20150423,SLN,NL,WAS,NL,4,1
20150424,TEX,AL,ANA,AL,2,3
20150424,BOS,AL,BAL,AL,7,5
20150424,KCA,AL,CHA,AL,2,3
20150424,CLE,AL,DET,AL,13,1
20150424,NYN,NL,NYA,AL,1,6
20150424,HOU,AL,OAK,AL,5,4
20150424,MIN,AL,SEA,AL,0,2
20150424,TOR,AL,TBA,AL,3,12
20150424,PIT,NL,ARI,NL,4,1
20150424,CHN,NL,CIN,NL,7,3
20150424,SFN,NL,COL,NL,4,6
20150424,WAS,NL,MIA,NL,2,3
20150424,SLN,NL,MIL,NL,3,0
20150424,ATL,NL,PHI,NL,0,1
20150424,LAN,NL,SDN,NL,3,0
20150425,TEX,AL,ANA,AL,1,4
20150425,BOS,AL,BAL,AL,4,5
20150425,CLE,AL,DET,AL,1,4
20150425,NYN,NL,NYA,AL,8,2
20150425,HOU,AL,OAK,AL,9,3
20150425,MIN,AL,SEA,AL,8,5
20150425,TOR,AL,TBA,AL,2,4
20150425,PIT,NL,ARI,NL,2,1
20150425,SFN,NL,COL,NL,5,4
20150425,WAS,NL,MIA,NL,0,8
20150425,SLN,NL,MIL,NL,5,3
20150425,ATL,NL,PHI,NL,5,2
20150425,LAN,NL,SDN,NL,11,8
20150426,TEX,AL,ANA,AL,5,4
20150426,BOS,AL,BAL,AL,7,18
20150426,KCA,AL,CHA,AL,3,5
20150426,CLE,AL,DET,AL,6,8
20150426,NYN,NL,NYA,AL,4,6
20150426,HOU,AL,OAK,AL,7,6
20150426,MIN,AL,SEA,AL,4,2
20150426,TOR,AL,TBA,AL,1,5
20150426,PIT,NL,ARI,NL,8,0
20150426,CHN,NL,CIN,NL,5,2
20150426,WAS,NL,MIA,NL,2,6
20150426,SLN,NL,MIL,NL,3,6
20150426,ATL,NL,PHI,NL,4,5
20150426,LAN,NL,SDN,NL,1,3
20150427,TOR,AL,BOS,AL,5,6
20150427,KCA,AL,CLE,AL,6,2
20150427,DET,AL,MIN,AL,5,4
20150427,TBA,AL,NYA,AL,1,4
20150427,SEA,AL,TEX,AL,3,1
20150427,COL,NL,ARI,NL,5,4
20150427,WAS,NL,ATL,NL,4,8
20150427,PIT,NL,CHN,NL,0,4
20150427,MIL,NL,CIN,NL,6,9
20150427,SFN,NL,LAN,NL,3,8
20150427,NYN,NL,MIA,NL,3,1
20150427,HOU,AL,SDN,NL,9,4
20150427,PHI,NL,SLN,NL,4,1
20150428,TOR,AL,BOS,AL,11,8
20150428,KCA,AL,CLE,AL,11,5
20150428,DET,AL,MIN,AL,2,3
20150428,TBA,AL,NYA,AL,2,4
20150428,ANA,AL,OAK,AL,2,6
20150428,SEA,AL,TEX,AL,2,1
20150428,COL,NL,ARI,NL,5,12
20150428,WAS,NL,ATL,NL,13,12
20150428,PIT,NL,CHN,NL,2,6
20150428,MIL,NL,CIN,NL,2,4
20150428,SFN,NL,LAN,NL,2,1
20150428,NYN,NL,MIA,NL,3,4
20150428,HOU,AL,SDN,NL,14,3
20150428,PHI,NL,SLN,NL,5,11
20150429,CHA,AL,BAL,AL,2,8
20150429,TOR,AL,BOS,AL,1,4
20150429,KCA,AL,CLE,AL,5,7
20150429,DET,AL,MIN,AL,10,7
20150429,TBA,AL,NYA,AL,3,2
20150429,ANA,AL,OAK,AL,6,3
20150429,SEA,AL,TEX,AL,5,2
20150429,COL,NL,ARI,NL,1,9
20150429,WAS,NL,ATL,NL,13,4
20150429,PIT,NL,CHN,NL,8,1
20150429,MIL,NL,CIN,NL,8,3
20150429,SFN,NL,LAN,NL,3,7
20150429,NYN,NL,MIA,NL,3,7
20150429,HOU,AL,SDN,NL,7,2
20150429,PHI,NL,SLN,NL,2,5
20150430,TOR,AL,CLE,AL,5,1
20150430,SEA,AL,HOU,AL,2,3
20150430,DET,AL,KCA,AL,1,8
20150430,CHA,AL,MIN,AL,2,12
20150430,ANA,AL,OAK,AL,6,5
20150430,CIN,NL,ATL,NL,5,1
20150430,WAS,NL,NYN,NL,8,2
20150430,PHI,NL,SLN,NL,3,9
20150501,TBA,AL,BAL,AL,2,0
20150501,NYA,AL,BOS,AL,3,2
20150501,TOR,AL,CLE,AL,4,9
20150501,SEA,AL,HOU,AL,3,4
20150501,DET,AL,KCA,AL,1,4
20150501,CHA,AL,MIN,AL,0,1
20150501,OAK,AL,TEX,AL,7,5
20150501,CIN,NL,ATL,NL,3,4
20150501,MIL,NL,CHN,NL,0,1
20150501,ARI,NL,LAN,NL,0,8
20150501,PHI,NL,MIA,NL,3,4
20150501,WAS,NL,NYN,NL,0,4
20150501,COL,NL,SDN,NL,3,14
20150501,ANA,AL,SFN,NL,2,3
20150501,PIT,NL,SLN,NL,1,2
20150502,TBA,AL,BAL,AL,0,4
20150502,NYA,AL,BOS,AL,4,2
20150502,TOR,AL,CLE,AL,11,4
20150502,SEA,AL,HOU,AL,4,11
20150502,DET,AL,KCA,AL,2,1
20150502,CHA,AL,MIN,AL,3,5
20150502,OAK,AL,TEX,AL,7,8
20150502,CIN,NL,ATL,NL,8,4
20150502,MIL,NL,CHN,NL,6,1
20150502,ARI,NL,LAN,NL,4,6
20150502,PHI,NL,MIA,NL,0,7
20150502,WAS,NL,NYN,NL,1,0
20150502,COL,NL,SDN,NL,2,4
20150502,ANA,AL,SFN,NL,4,5
20150502,PIT,NL,SLN,NL,1,2
20150503,TBA,AL,BAL,AL,2,4
20150503,NYA,AL,BOS,AL,8,5
20150503,TOR,AL,CLE,AL,7,10
20150503,SEA,AL,HOU,AL,6,7
20150503,DET,AL,KCA,AL,6,4
20150503,CHA,AL,MIN,AL,3,13
20150503,OAK,AL,TEX,AL,7,1
20150503,CIN,NL,ATL,NL,0,5
20150503,MIL,NL,CHN,NL,5,3
20150503,ARI,NL,LAN,NL,0,1
20150503,PHI,NL,MIA,NL,6,2
20150503,WAS,NL,NYN,NL,1,0
20150503,COL,NL,SDN,NL,6,8
20150503,ANA,AL,SFN,NL,0,5
20150503,PIT,NL,SLN,NL,2,3
20150504,SEA,AL,ANA,AL,3,2
20150504,TBA,AL,BOS,AL,5,1
20150504,TEX,AL,HOU,AL,2,1
20150504,OAK,AL,MIN,AL,7,8
20150504,NYA,AL,TOR,AL,1,3
20150504,PHI,NL,ATL,NL,5,2
20150504,LAN,NL,MIL,NL,3,4
20150504,SDN,NL,SFN,NL,0,2
20150504,CHN,NL,SLN,NL,9,10
20150504,MIA,NL,WAS,NL,4,6
20150505,SEA,AL,ANA,AL,4,5
20150505,TBA,AL,BOS,AL,0,2
20150505,DET,AL,CHA,AL,2,5
20150505,TEX,AL,HOU,AL,7,1
20150505,CLE,AL,KCA,AL,3,5
20150505,OAK,AL,MIN,AL,2,1
20150505,NYA,AL,TOR,AL,6,3
20150505,PHI,NL,ATL,NL,0,9
20150505,LAN,NL,MIL,NL,8,2
20150505,BAL,AL,NYN,NL,2,3
20150505,CIN,NL,PIT,NL,7,1
20150505,SDN,NL,SFN,NL,0,6
20150505,CHN,NL,SLN,NL,4,7
20150505,MIA,NL,WAS,NL,2,1
20150506,SEA,AL,ANA,AL,3,4
20150506,TBA,AL,BOS,AL,5,3
20150506,DET,AL,CHA,AL,6,7
20150506,TEX,AL,HOU,AL,11,3
20150506,CLE,AL,KCA,AL,10,3
20150506,OAK,AL,MIN,AL,0,13
20150506,NYA,AL,TOR,AL,1,5
20150506,PHI,NL,ATL,NL,5,7
20150506,ARI,NL,COL,NL,13,7
20150506,ARI,NL,COL,NL,5,1
20150506,LAN,NL,MIL,NL,3,6
20150506,BAL,AL,NYN,NL,1,5
20150506,CIN,NL,PIT,NL,3,0
20150506,SDN,NL,SFN,NL,9,1
20150506,CHN,NL,SLN,NL,6,5
20150506,MIA,NL,WAS,NL,5,7
20150507,HOU,AL,ANA,AL,3,2
20150507,DET,AL,CHA,AL,4,1
20150507,CLE,AL,KCA,AL,4,7
20150507,OAK,AL,MIN,AL,5,6
20150507,BAL,AL,NYA,AL,3,4
20150507,TEX,AL,TBA,AL,5,4
20150507,SDN,NL,ARI,NL,0,11
20150507,LAN,NL,MIL,NL,14,4
20150507,CIN,NL,PIT,NL,2,7
20150507,MIA,NL,SFN,NL,7,2
20150507,CHN,NL,SLN,NL,1,5
20150508,HOU,AL,ANA,AL,0,2
20150508,MIN,AL,CLE,AL,9,3
20150508,KCA,AL,DET,AL,5,6
20150508,BAL,AL,NYA,AL,4,5
20150508,OAK,AL,SEA,AL,3,4
20150508,TEX,AL,TBA,AL,2,8
20150508,BOS,AL,TOR,AL,0,7
20150508,SDN,NL,ARI,NL,6,5
20150508,LAN,NL,COL,NL,2,1
20150508,CHN,NL,MIL,NL,7,6
20150508,NYN,NL,PHI,NL,1,3
20150508,SLN,NL,PIT,NL,8,5
20150508,MIA,NL,SFN,NL,0,6
20150508,ATL,NL,WAS,NL,2,9
20150509,HOU,AL,ANA,AL,6,5
20150509,CIN,NL,CHA,AL,10,4
20150509,CIN,NL,CHA,AL,2,8
20150509,MIN,AL,CLE,AL,7,4
20150509,KCA,AL,DET,AL,6,2
20150509,BAL,AL,NYA,AL,6,2
20150509,OAK,AL,SEA,AL,2,7
20150509,TEX,AL,TBA,AL,2,7
20150509,BOS,AL,TOR,AL,1,7
20150509,SDN,NL,ARI,NL,6,4
20150509,CHN,NL,MIL,NL,4,12
20150509,NYN,NL,PHI,NL,3,2
20150509,SLN,NL,PIT,NL,5,7
20150509,MIA,NL,SFN,NL,6,2
20150509,ATL,NL,WAS,NL,6,8
20150510,HOU,AL,ANA,AL,1,3
20150510,CIN,NL,CHA,AL,3,4
20150510,MIN,AL,CLE,AL,2,8
20150510,KCA,AL,DET,AL,2,1
20150510,BAL,AL,NYA,AL,2,6
20150510,OAK,AL,SEA,AL,3,4
20150510,TEX,AL,TBA,AL,2,1
20150510,BOS,AL,TOR,AL,6,3
20150510,SDN,NL,ARI,NL,1,2
20150510,LAN,NL,COL,NL,9,5
20150510,CHN,NL,MIL,NL,2,3
20150510,NYN,NL,PHI,NL,7,4
20150510,SLN,NL,PIT,NL,3,4
20150510,MIA,NL,SFN,NL,2,3
20150510,ATL,NL,WAS,NL,4,5
20150511,TOR,AL,BAL,AL,2,5
20150511,BOS,AL,OAK,AL,5,4
20150511,NYA,AL,TBA,AL,11,5
20150511,KCA,AL,TEX,AL,2,8
20150511,WAS,NL,ARI,NL,11,1
20150511,NYN,NL,CHN,NL,3,4
20150511,ATL,NL,CIN,NL,2,1
20150511,MIA,NL,LAN,NL,3,5
20150511,CHA,AL,MIL,NL,7,10
20150511,PIT,NL,PHI,NL,4,3
20150512,COL,NL,ANA,AL,2,5
20150512,TOR,AL,BAL,AL,10,2
20150512,SLN,NL,CLE,AL,8,3
20150512,MIN,AL,DET,AL,1,2
20150512,SFN,NL,HOU,AL,8,1
20150512,BOS,AL,OAK,AL,2,9
20150512,SDN,NL,SEA,AL,4,11
20150512,NYA,AL,TBA,AL,2,4
20150512,KCA,AL,TEX,AL,7,6
20150512,WAS,NL,ARI,NL,6,14
20150512,NYN,NL,CHN,NL,1,6
20150512,ATL,NL,CIN,NL,3,4
20150512,MIA,NL,LAN,NL,1,11
20150512,CHA,AL,MIL,NL,4,2
20150512,PIT,NL,PHI,NL,7,2
20150513,COL,NL,ANA,AL,1,2
20150513,TOR,AL,BAL,AL,1,6
20150513,SLN,NL,CLE,AL,0,2
20150513,MIN,AL,DET,AL,6,2
20150513,SFN,NL,HOU,AL,3,4
20150513,BOS,AL,OAK,AL,2,0
20150513,SDN,NL,SEA,AL,4,2
20150513,NYA,AL,TBA,AL,2,3
20150513,KCA,AL,TEX,AL,2,5
20150513,WAS,NL,ARI,NL,9,6
20150513,NYN,NL,CHN,NL,1,2
20150513,ATL,NL,CIN,NL,1,5
20150513,MIA,NL,LAN,NL,5,4
20150513,CHA,AL,MIL,NL,4,2
20150513,PIT,NL,PHI,NL,2,3
20150514,SLN,NL,CLE,AL,2,1
20150514,MIN,AL,DET,AL,1,13
20150514,TOR,AL,HOU,AL,4,6
20150514,BOS,AL,SEA,AL,2,1
20150514,NYA,AL,TBA,AL,1,6
20150514,KCA,AL,TEX,AL,6,3
20150514,NYN,NL,CHN,NL,5,6
20150514,SFN,NL,CIN,NL,3,4
20150514,COL,NL,LAN,NL,5,4
20150514,PIT,NL,PHI,NL,2,4
20150514,WAS,NL,SDN,NL,3,8
20150515,ANA,AL,BAL,AL,3,1
20150515,TOR,AL,HOU,AL,4,8
20150515,NYA,AL,KCA,AL,1,12
20150515,TBA,AL,MIN,AL,2,3
20150515,CHA,AL,OAK,AL,7,6
20150515,BOS,AL,SEA,AL,1,2
20150515,CLE,AL,TEX,AL,8,3
20150515,PIT,NL,CHN,NL,10,11
20150515,SFN,NL,CIN,NL,10,2
20150515,COL,NL,LAN,NL,4,6
20150515,ATL,NL,MIA,NL,5,3
20150515,MIL,NL,NYN,NL,7,0
20150515,ARI,NL,PHI,NL,3,4
20150515,WAS,NL,SDN,NL,10,0
20150515,DET,AL,SLN,NL,10,4
20150516,ANA,AL,BAL,AL,6,1
20150516,TOR,AL,HOU,AL,5,6
20150516,NYA,AL,KCA,AL,5,1
20150516,TBA,AL,MIN,AL,4,6
20150516,CHA,AL,OAK,AL,4,3
20150516,BOS,AL,SEA,AL,4,2
20150516,CLE,AL,TEX,AL,10,8
20150516,PIT,NL,CHN,NL,1,4
20150516,SFN,NL,CIN,NL,11,2
20150516,COL,NL,LAN,NL,7,1
20150516,ATL,NL,MIA,NL,5,3
20150516,MIL,NL,NYN,NL,1,14
20150516,ARI,NL,PHI,NL,5,7
20150516,WAS,NL,SDN,NL,4,1
20150516,DET,AL,SLN,NL,4,3
20150517,ANA,AL,BAL,AL,0,3
20150517,TOR,AL,HOU,AL,2,4
20150517,NYA,AL,KCA,AL,0,6
20150517,TBA,AL,MIN,AL,11,3
20150517,CHA,AL,OAK,AL,7,3
20150517,BOS,AL,SEA,AL,0,5
20150517,CLE,AL,TEX,AL,1,5
20150517,PIT,NL,CHN,NL,3,0
20150517,SFN,NL,CIN,NL,9,8
20150517,COL,NL,LAN,NL,0,1
20150517,ATL,NL,MIA,NL,6,0
20150517,MIL,NL,NYN,NL,1,5
20150517,ARI,NL,PHI,NL,0,6
20150517,WAS,NL,SDN,NL,10,5
20150517,DET,AL,SLN,NL,1,2
20150518,CLE,AL,CHA,AL,1,2
20150518,MIL,NL,DET,AL,3,2
20150518,OAK,AL,HOU,AL,2,1
20150518,ANA,AL,TOR,AL,6,10
20150518,PHI,NL,COL,NL,4,3
20150518,ARI,NL,MIA,NL,3,2
20150518,SLN,NL,NYN,NL,1,2
20150519,SEA,AL,BAL,AL,4,9
20150519,TEX,AL,BOS,AL,3,4
20150519,CLE,AL,CHA,AL,3,1
20150519,MIL,NL,DET,AL,8,1
20150519,OAK,AL,HOU,AL,4,6
20150519,CIN,NL,KCA,AL,0,3
20150519,ANA,AL,TOR,AL,3,2
20150519,TBA,AL,ATL,NL,5,3
20150519,PHI,NL,COL,NL,5,6
20150519,ARI,NL,MIA,NL,4,2
20150519,SLN,NL,NYN,NL,10,2
20150519,MIN,AL,PIT,NL,8,5
20150519,CHN,NL,SDN,NL,3,4
20150519,LAN,NL,SFN,NL,0,2
20150519,NYA,AL,WAS,NL,6,8
20150520,SEA,AL,BAL,AL,4,2
20150520,TEX,AL,BOS,AL,2,1
20150520,CLE,AL,CHA,AL,4,3
20150520,MIL,NL,DET,AL,2,5
20150520,OAK,AL,HOU,AL,1,6
20150520,CIN,NL,KCA,AL,1,7
20150520,ANA,AL,TOR,AL,4,3
20150520,TBA,AL,ATL,NL,1,2
20150520,PHI,NL,COL,NL,4,2
20150520,ARI,NL,MIA,NL,6,1
20150520,SLN,NL,NYN,NL,9,0
20150520,MIN,AL,PIT,NL,4,3
20150520,CHN,NL,SDN,NL,3,2
20150520,LAN,NL,SFN,NL,0,4
20150520,NYA,AL,WAS,NL,2,3
20150521,SEA,AL,BAL,AL,4,5
20150521,TEX,AL,BOS,AL,3,1
20150521,CLE,AL,CHA,AL,5,2
20150521,HOU,AL,DET,AL,5,6
20150521,OAK,AL,TBA,AL,0,3
20150521,ANA,AL,TOR,AL,4,8
20150521,MIL,NL,ATL,NL,1,10
20150521,PHI,NL,COL,NL,3,7
20150521,ARI,NL,MIA,NL,7,6
20150521,SLN,NL,NYN,NL,0,5
20150521,CHN,NL,SDN,NL,3,0
20150521,LAN,NL,SFN,NL,0,4
20150522,ANA,AL,BOS,AL,12,5
20150522,MIN,AL,CHA,AL,2,3
20150522,CIN,NL,CLE,AL,3,7
20150522,HOU,AL,DET,AL,2,6
20150522,SLN,NL,KCA,AL,0,5
20150522,TEX,AL,NYA,AL,10,9
20150522,OAK,AL,TBA,AL,2,5
20150522,SEA,AL,TOR,AL,4,3
20150522,CHN,NL,ARI,NL,4,5
20150522,MIL,NL,ATL,NL,11,0
20150522,SFN,NL,COL,NL,11,8
20150522,SDN,NL,LAN,NL,1,2
20150522,BAL,AL,MIA,NL,8,5
20150522,NYN,NL,PIT,NL,1,4
20150522,PHI,NL,WAS,NL,1,2
20150523,ANA,AL,BOS,AL,3,8
20150523,MIN,AL,CHA,AL,4,3
20150523,CIN,NL,CLE,AL,1,2
20150523,HOU,AL,DET,AL,3,2
20150523,SLN,NL,KCA,AL,2,3
20150523,TEX,AL,NYA,AL,15,4
20150523,OAK,AL,TBA,AL,5,0
20150523,SEA,AL,TOR,AL,3,2
20150523,CHN,NL,ARI,NL,9,6
20150523,MIL,NL,ATL,NL,2,3
20150523,SFN,NL,COL,NL,10,8
20150523,SFN,NL,COL,NL,3,5
20150523,SDN,NL,LAN,NL,0,2
20150523,BAL,AL,MIA,NL,0,1
20150523,NYN,NL,PIT,NL,2,8
20150523,PHI,NL,WAS,NL,8,1
20150524,ANA,AL,BOS,AL,1,6
20150524,MIN,AL,CHA,AL,8,1
20150524,CIN,NL,CLE,AL,2,5
20150524,HOU,AL,DET,AL,10,8
20150524,SLN,NL,KCA,AL,6,1
20150524,TEX,AL,NYA,AL,5,2
20150524,OAK,AL,TBA,AL,7,2
20150524,SEA,AL,TOR,AL,2,8
20150524,CHN,NL,ARI,NL,3,4
20150524,MIL,NL,ATL,NL,1,2
20150524,SFN,NL,COL,NL,2,11
20150524,SDN,NL,LAN,NL,11,3
20150524,BAL,AL,MIA,NL,2,5
20150524,NYN,NL,PIT,NL,1,9
20150524,PHI,NL,WAS,NL,1,4
20150525,SDN,NL,ANA,AL,3,4
20150525,HOU,AL,BAL,AL,3,4
20150525,TEX,AL,CLE,AL,10,8
20150525,BOS,AL,MIN,AL,2,7
20150525,KCA,AL,NYA,AL,1,14
20150525,DET,AL,OAK,AL,0,4
20150525,SEA,AL,TBA,AL,4,1
20150525,CHA,AL,TOR,AL,0,6
20150525,WAS,NL,CHN,NL,2,1
20150525,COL,NL,CIN,NL,5,4
20150525,ATL,NL,LAN,NL,3,6
20150525,SFN,NL,MIL,NL,8,4
20150525,PHI,NL,NYN,NL,3,6
20150525,MIA,NL,PIT,NL,2,4
20150525,ARI,NL,SLN,NL,2,3
20150526,SDN,NL,ANA,AL,4,0
20150526,HOU,AL,BAL,AL,4,1
20150526,TEX,AL,CLE,AL,4,3
20150526,BOS,AL,MIN,AL,1,2
20150526,KCA,AL,NYA,AL,1,5
20150526,DET,AL,OAK,AL,1,0
20150526,SEA,AL,TBA,AL,7,6
20150526,CHA,AL,TOR,AL,9,10
20150526,WAS,NL,CHN,NL,2,3
20150526,COL,NL,CIN,NL,1,2
20150526,ATL,NL,LAN,NL,0,8
20150526,SFN,NL,MIL,NL,6,3
20150526,PHI,NL,NYN,NL,4,5
20150526,MIA,NL,PIT,NL,1,5
20150526,ARI,NL,SLN,NL,4,6
20150527,SDN,NL,ANA,AL,5,4
20150527,HOU,AL,BAL,AL,4,5
20150527,TEX,AL,CLE,AL,3,12
20150527,BOS,AL,MIN,AL,4,6
20150527,KCA,AL,NYA,AL,2,4
20150527,DET,AL,OAK,AL,3,2
20150527,SEA,AL,TBA,AL,3,0
20150527,CHA,AL,TOR,AL,5,3
20150527,WAS,NL,CHN,NL,3,0
20150527,COL,NL,CIN,NL,6,4
20150527,ATL,NL,LAN,NL,3,2
20150527,SFN,NL,MIL,NL,3,1
20150527,PHI,NL,NYN,NL,0,7
20150527,MIA,NL,PIT,NL,2,5
20150527,ARI,NL,SLN,NL,3,4
20150528,DET,AL,ANA,AL,2,12
20150528,CHA,AL,BAL,AL,3,2
20150528,CHA,AL,BAL,AL,3,6
20150528,NYA,AL,OAK,AL,4,5
20150528,CLE,AL,SEA,AL,5,3
20150528,BOS,AL,TEX,AL,5,1
20150528,PIT,NL,SDN,NL,11,5
20150528,ATL,NL,SFN,NL,0,7
20150529,DET,AL,ANA,AL,0,2
20150529,TBA,AL,BAL,AL,1,2
20150529,CHA,AL,HOU,AL,6,3
20150529,TOR,AL,MIN,AL,6,4
20150529,NYA,AL,OAK,AL,2,6
20150529,CLE,AL,SEA,AL,1,2
20150529,BOS,AL,TEX,AL,4,7
20150529,KCA,AL,CHN,NL,8,4
20150529,WAS,NL,CIN,NL,2,5
20150529,ARI,NL,MIL,NL,7,5
20150529,MIA,NL,NYN,NL,4,3
20150529,COL,NL,PHI,NL,4,1
20150529,PIT,NL,SDN,NL,2,6
20150529,ATL,NL,SFN,NL,2,4
20150529,LAN,NL,SLN,NL,0,3
20150530,DET,AL,ANA,AL,6,8
20150530,TBA,AL,BAL,AL,3,0
20150530,CHA,AL,HOU,AL,0,3
20150530,TOR,AL,MIN,AL,2,3
20150530,NYA,AL,OAK,AL,5,3
20150530,CLE,AL,SEA,AL,4,3
20150530,BOS,AL,TEX,AL,0,8
20150530,WAS,NL,CIN,NL,5,8
20150530,ARI,NL,MIL,NL,7,3
20150530,MIA,NL,NYN,NL,9,5
20150530,COL,NL,PHI,NL,5,2
20150530,PIT,NL,SDN,NL,5,2
20150530,ATL,NL,SFN,NL,8,0
20150530,LAN,NL,SLN,NL,5,1
20150531,DET,AL,ANA,AL,2,4
20150531,TBA,AL,BAL,AL,9,5
20150531,CHA,AL,HOU,AL,6,0
20150531,TOR,AL,MIN,AL,5,6
20150531,NYA,AL,OAK,AL,0,3
20150531,CLE,AL,SEA,AL,6,3
20150531,BOS,AL,TEX,AL,3,4
20150531,KCA,AL,CHN,NL,1,2
20150531,WAS,NL,CIN,NL,2,8
20150531,ARI,NL,MIL,NL,6,7
20150531,MIA,NL,NYN,NL,3,4
20150531,COL,NL,PHI,NL,4,1
20150531,PIT,NL,SDN,NL,1,7
20150531,ATL,NL,SFN,NL,7,5
20150531,LAN,NL,SLN,NL,1,3
20150601,TBA,AL,ANA,AL,3,7
20150601,BAL,AL,HOU,AL,2,5
20150601,NYA,AL,SEA,AL,7,2
20150601,ATL,NL,ARI,NL,8,1
20150601,LAN,NL,COL,NL,11,4
20150601,CHN,NL,MIA,NL,5,1
20150601,NYN,NL,SDN,NL,7,0
20150601,PIT,NL,SFN,NL,4,3
20150601,MIL,NL,SLN,NL,1,0
20150602,TBA,AL,ANA,AL,6,1
20150602,MIN,AL,BOS,AL,0,1
20150602,OAK,AL,DET,AL,5,3
20150602,BAL,AL,HOU,AL,4,6
20150602,CLE,AL,KCA,AL,2,1
20150602,NYA,AL,SEA,AL,5,3
20150602,CHA,AL,TEX,AL,2,15
20150602,ATL,NL,ARI,NL,6,7
20150602,LAN,NL,COL,NL,3,6
20150602,LAN,NL,COL,NL,9,8
20150602,CHN,NL,MIA,NL,2,5
20150602,CIN,NL,PHI,NL,4,5
20150602,NYN,NL,SDN,NL,2,7
20150602,PIT,NL,SFN,NL,7,4
20150602,MIL,NL,SLN,NL,0,1
20150602,TOR,AL,WAS,NL,0,2
20150602,TOR,AL,WAS,NL,7,3
20150603,TBA,AL,ANA,AL,6,5
20150603,MIN,AL,BOS,AL,3,6
20150603,MIN,AL,BOS,AL,2,0
20150603,OAK,AL,DET,AL,6,1
20150603,BAL,AL,HOU,AL,1,3
20150603,CLE,AL,KCA,AL,2,4
20150603,NYA,AL,SEA,AL,3,1
20150603,CHA,AL,TEX,AL,9,2
20150603,ATL,NL,ARI,NL,8,9
20150603,LAN,NL,COL,NL,6,7
20150603,CHN,NL,MIA,NL,3,7
20150603,CIN,NL,PHI,NL,4,5
20150603,NYN,NL,SDN,NL,3,7
20150603,PIT,NL,SFN,NL,5,2
20150603,MIL,NL,SLN,NL,4,7
20150603,TOR,AL,WAS,NL,8,0
20150604,MIN,AL,BOS,AL,8,4
20150604,OAK,AL,DET,AL,7,5
20150604,BAL,AL,HOU,AL,3,2
20150604,CLE,AL,KCA,AL,6,2
20150604,TBA,AL,SEA,AL,2,1
20150604,CHA,AL,TEX,AL,1,2
20150604,NYN,NL,ARI,NL,6,2
20150604,SLN,NL,LAN,NL,7,1
20150604,CIN,NL,PHI,NL,6,4
20150604,CHN,NL,WAS,NL,2,1
20150605,OAK,AL,BOS,AL,2,4
20150605,DET,AL,CHA,AL,3,4
20150605,BAL,AL,CLE,AL,5,2
20150605,TEX,AL,KCA,AL,4,0
20150605,MIL,NL,MIN,AL,10,5
20150605,ANA,AL,NYA,AL,7,8
20150605,TBA,AL,SEA,AL,1,0
20150605,HOU,AL,TOR,AL,2,6
20150605,NYN,NL,ARI,NL,2,7
20150605,PIT,NL,ATL,NL,10,8
20150605,SDN,NL,CIN,NL,6,2
20150605,MIA,NL,COL,NL,6,2
20150605,SLN,NL,LAN,NL,2,1
20150605,SFN,NL,PHI,NL,5,4
20150605,CHN,NL,WAS,NL,5,7
20150606,OAK,AL,BOS,AL,2,4
20150606,DET,AL,CHA,AL,7,1
20150606,BAL,AL,CLE,AL,1,2
20150606,TEX,AL,KCA,AL,4,2
20150606,MIL,NL,MIN,AL,4,2
20150606,ANA,AL,NYA,AL,2,8
20150606,TBA,AL,SEA,AL,1,2
20150606,HOU,AL,TOR,AL,2,7
20150606,NYN,NL,ARI,NL,1,2
20150606,PIT,NL,ATL,NL,4,5
20150606,SDN,NL,CIN,NL,9,7
20150606,MIA,NL,COL,NL,5,10
20150606,SLN,NL,LAN,NL,0,2
20150606,SFN,NL,PHI,NL,7,5
20150606,CHN,NL,WAS,NL,4,2
20150607,OAK,AL,BOS,AL,4,7
20150607,DET,AL,CHA,AL,6,4
20150607,BAL,AL,CLE,AL,7,3
20150607,TEX,AL,KCA,AL,3,4
20150607,MIL,NL,MIN,AL,0,2
20150607,ANA,AL,NYA,AL,2,6
20150607,TBA,AL,SEA,AL,3,1
20150607,HOU,AL,TOR,AL,6,7
20150607,NYN,NL,ARI,NL,6,3
20150607,PIT,NL,ATL,NL,3,0
20150607,SDN,NL,CIN,NL,0,4
20150607,MIA,NL,COL,NL,3,2
20150607,SLN,NL,LAN,NL,4,2
20150607,SFN,NL,PHI,NL,4,6
20150607,CHN,NL,WAS,NL,6,3
20150608,HOU,AL,CHA,AL,1,3
20150608,KCA,AL,MIN,AL,3,1
20150608,MIA,NL,TOR,AL,3,11
20150608,SDN,NL,ATL,NL,5,3
20150608,PHI,NL,CIN,NL,4,6
20150608,SLN,NL,COL,NL,3,11
20150608,ARI,NL,LAN,NL,3,9
20150608,MIL,NL,PIT,NL,2,0
20150609,BOS,AL,BAL,AL,0,1
20150609,HOU,AL,CHA,AL,2,4
20150609,SEA,AL,CLE,AL,3,2
20150609,CHN,NL,DET,AL,0,6
20150609,KCA,AL,MIN,AL,2,0
20150609,WAS,NL,NYA,AL,1,6
20150609,TEX,AL,OAK,AL,2,1
20150609,ANA,AL,TBA,AL,8,2
20150609,MIA,NL,TOR,AL,3,4
20150609,SDN,NL,ATL,NL,5,6
20150609,PHI,NL,CIN,NL,2,11
20150609,SLN,NL,COL,NL,3,4
20150609,ARI,NL,LAN,NL,1,3
20150609,SFN,NL,NYN,NL,5,0
20150609,MIL,NL,PIT,NL,4,1
20150610,BOS,AL,BAL,AL,2,5
20150610,HOU,AL,CHA,AL,1,4
20150610,SEA,AL,CLE,AL,9,3
20150610,CHN,NL,DET,AL,12,3
20150610,KCA,AL,MIN,AL,7,2
20150610,WAS,NL,NYA,AL,5,4
20150610,TEX,AL,OAK,AL,4,5
20150610,ANA,AL,TBA,AL,2,4
20150610,MIA,NL,TOR,AL,2,7
20150610,SDN,NL,ATL,NL,1,4
20150610,PHI,NL,CIN,NL,2,5
20150610,SLN,NL,COL,NL,4,2
20150610,ARI,NL,LAN,NL,6,7
20150610,SFN,NL,NYN,NL,8,5
20150610,MIL,NL,PIT,NL,0,2
20150611,BOS,AL,BAL,AL,5,6
20150611,SEA,AL,CLE,AL,0,6
20150611,TEX,AL,OAK,AL,0,7
20150611,ANA,AL,TBA,AL,6,2
20150611,SDN,NL,ATL,NL,6,4
20150611,CIN,NL,CHN,NL,3,6
20150611,COL,NL,MIA,NL,0,6
20150611,WAS,NL,MIL,NL,5,6
20150611,SFN,NL,NYN,NL,4,5
20150612,OAK,AL,ANA,AL,4,5
20150612,NYA,AL,BAL,AL,3,11
20150612,TOR,AL,BOS,AL,13,10
20150612,CLE,AL,DET,AL,0,4
20150612,SEA,AL,HOU,AL,0,10
20150612,CHA,AL,TBA,AL,5,7
20150612,MIN,AL,TEX,AL,2,6
20150612,CIN,NL,CHN,NL,5,4
20150612,COL,NL,MIA,NL,1,5
20150612,WAS,NL,MIL,NL,4,8
20150612,ATL,NL,NYN,NL,3,5
20150612,PHI,NL,PIT,NL,0,1
20150612,LAN,NL,SDN,NL,4,3
20150612,ARI,NL,SFN,NL,1,0
20150612,KCA,AL,SLN,NL,0,4
20150613,OAK,AL,ANA,AL,0,1
20150613,NYA,AL,BAL,AL,4,9
20150613,TOR,AL,BOS,AL,5,4
20150613,CLE,AL,DET,AL,5,4
20150613,SEA,AL,HOU,AL,8,1
20150613,CHA,AL,TBA,AL,4,5
20150613,MIN,AL,TEX,AL,7,11
20150613,CIN,NL,CHN,NL,3,4
20150613,COL,NL,MIA,NL,1,4
20150613,WAS,NL,MIL,NL,7,2
20150613,ATL,NL,NYN,NL,5,3
20150613,PHI,NL,PIT,NL,3,4
20150613,LAN,NL,SDN,NL,1,2
20150613,ARI,NL,SFN,NL,4,2
20150613,KCA,AL,SLN,NL,2,3
20150614,OAK,AL,ANA,AL,8,1
20150614,NYA,AL,BAL,AL,5,3
20150614,TOR,AL,BOS,AL,13,5
20150614,CLE,AL,DET,AL,1,8
20150614,SEA,AL,HOU,AL,0,13
20150614,CHA,AL,TBA,AL,1,2
20150614,MIN,AL,TEX,AL,4,3
20150614,CIN,NL,CHN,NL,1,2
20150614,COL,NL,MIA,NL,4,1
20150614,WAS,NL,MIL,NL,4,0
20150614,ATL,NL,NYN,NL,8,10
20150614,PHI,NL,PIT,NL,0,1
20150614,LAN,NL,SDN,NL,4,2
20150614,ARI,NL,SFN,NL,4,0
20150615,ARI,NL,ANA,AL,7,3
20150615,PHI,NL,BAL,AL,0,4
20150615,ATL,NL,BOS,AL,4,2
20150615,CIN,NL,DET,AL,0,6
20150615,COL,NL,HOU,AL,3,6
20150615,WAS,NL,TBA,AL,1,6
20150615,LAN,NL,TEX,AL,1,4
20150615,NYA,AL,MIA,NL,1,2
20150615,KCA,AL,MIL,NL,8,5
20150615,TOR,AL,NYN,NL,3,4
20150615,CHA,AL,PIT,NL,0,11
20150615,OAK,AL,SDN,NL,9,1
20150615,SEA,AL,SFN,NL,5,1
20150615,MIN,AL,SLN,NL,2,3
20150616,ARI,NL,ANA,AL,1,4
20150616,PHI,NL,BAL,AL,3,19
20150616,ATL,NL,BOS,AL,4,9
20150616,CIN,NL,DET,AL,5,2
20150616,COL,NL,HOU,AL,5,8
20150616,WAS,NL,TBA,AL,16,4
20150616,LAN,NL,TEX,AL,2,3
20150616,CLE,AL,CHN,NL,6,0
20150616,NYA,AL,MIA,NL,2,12
20150616,KCA,AL,MIL,NL,7,2
20150616,TOR,AL,NYN,NL,2,3
20150616,CHA,AL,PIT,NL,0,3
20150616,OAK,AL,SDN,NL,6,5
20150616,SEA,AL,SFN,NL,2,6
20150616,MIN,AL,SLN,NL,2,3
20150617,PIT,NL,CHA,AL,3,2
20150617,CHN,NL,CLE,AL,17,0
20150617,MIL,NL,KCA,AL,2,10
20150617,SLN,NL,MIN,AL,1,3
20150617,MIA,NL,NYA,AL,1,2
20150617,SDN,NL,OAK,AL,2,16
20150617,SFN,NL,SEA,AL,0,2
20150617,NYN,NL,TOR,AL,0,8
20150617,ANA,AL,ARI,NL,2,3
20150617,BOS,AL,ATL,NL,2,5
20150617,DET,AL,CIN,NL,4,8
20150617,HOU,AL,COL,NL,8,4
20150617,TEX,AL,LAN,NL,5,3
20150617,BAL,AL,PHI,NL,6,4
20150617,TBA,AL,WAS,NL,5,0
20150618,PIT,NL,CHA,AL,3,2
20150618,CHN,NL,CLE,AL,3,4
20150618,MIL,NL,KCA,AL,2,3
20150618,SLN,NL,MIN,AL,1,2
20150618,MIA,NL,NYA,AL,4,9
20150618,SDN,NL,OAK,AL,3,1
20150618,SFN,NL,SEA,AL,7,0
20150618,NYN,NL,TOR,AL,1,7
20150618,ANA,AL,ARI,NL,7,1
20150618,BOS,AL,ATL,NL,5,2
20150618,HOU,AL,COL,NL,8,4
20150618,TEX,AL,LAN,NL,0,1
20150618,BAL,AL,PHI,NL,1,2
20150618,TBA,AL,WAS,NL,5,3
20150619,TEX,AL,CHA,AL,2,1
20150619,TBA,AL,CLE,AL,4,1
20150619,BOS,AL,KCA,AL,7,3
20150619,CHN,NL,MIN,AL,2,7
20150619,DET,AL,NYA,AL,2,7
20150619,ANA,AL,OAK,AL,12,7
20150619,HOU,AL,SEA,AL,2,5
20150619,BAL,AL,TOR,AL,4,5
20150619,SDN,NL,ARI,NL,2,4
20150619,NYN,NL,ATL,NL,1,2
20150619,MIA,NL,CIN,NL,0,5
20150619,MIL,NL,COL,NL,9,5
20150619,SFN,NL,LAN,NL,9,5
20150619,SLN,NL,PHI,NL,12,4
20150619,PIT,NL,WAS,NL,1,4
20150620,TEX,AL,CHA,AL,2,3
20150620,TBA,AL,CLE,AL,4,1
20150620,BOS,AL,KCA,AL,4,7
20150620,CHN,NL,MIN,AL,4,1
20150620,DET,AL,NYA,AL,3,14
20150620,ANA,AL,OAK,AL,1,4
20150620,HOU,AL,SEA,AL,3,6
20150620,BAL,AL,TOR,AL,5,3
20150620,SDN,NL,ARI,NL,8,1
20150620,NYN,NL,ATL,NL,4,6
20150620,MIA,NL,CIN,NL,5,0
20150620,MIL,NL,COL,NL,1,5
20150620,SFN,NL,LAN,NL,6,2
20150620,SLN,NL,PHI,NL,10,1
20150620,PIT,NL,WAS,NL,0,6
20150621,TEX,AL,CHA,AL,2,3
20150621,TBA,AL,CLE,AL,0,1
20150621,BOS,AL,KCA,AL,13,2
20150621,CHN,NL,MIN,AL,8,0
20150621,DET,AL,NYA,AL,12,4
20150621,ANA,AL,OAK,AL,2,3
20150621,HOU,AL,SEA,AL,6,2
20150621,BAL,AL,TOR,AL,13,9
20150621,SDN,NL,ARI,NL,2,7
20150621,NYN,NL,ATL,NL,0,1
20150621,MIA,NL,CIN,NL,2,5
20150621,MIL,NL,COL,NL,4,10
20150621,SFN,NL,LAN,NL,2,10
20150621,SLN,NL,PHI,NL,2,9
20150621,PIT,NL,WAS,NL,2,9
20150622,HOU,AL,ANA,AL,3,4
20150622,DET,AL,CLE,AL,8,5
20150622,CHA,AL,MIN,AL,2,13
20150622,PHI,NL,NYA,AL,11,8
20150622,KCA,AL,SEA,AL,4,1
20150622,TOR,AL,TBA,AL,8,5
20150622,LAN,NL,CHN,NL,2,4
20150623,HOU,AL,ANA,AL,13,3
20150623,BAL,AL,BOS,AL,6,4
20150623,DET,AL,CLE,AL,7,3
20150623,CHA,AL,MIN,AL,6,2
20150623,PHI,NL,NYA,AL,11,6
20150623,KCA,AL,SEA,AL,0,7
20150623,TOR,AL,TBA,AL,3,4
20150623,OAK,AL,TEX,AL,8,6
20150623,LAN,NL,CHN,NL,0,1
20150623,ARI,NL,COL,NL,5,10
20150623,SLN,NL,MIA,NL,4,3
20150623,NYN,NL,MIL,NL,2,3
20150623,CIN,NL,PIT,NL,6,7
20150623,SDN,NL,SFN,NL,3,2
20150623,ATL,NL,WAS,NL,1,3
20150624,HOU,AL,ANA,AL,1,2
20150624,BAL,AL,BOS,AL,1,5
20150624,DET,AL,CLE,AL,2,8
20150624,CHA,AL,MIN,AL,1,6
20150624,PHI,NL,NYA,AL,2,10
20150624,KCA,AL,SEA,AL,8,2
20150624,TOR,AL,TBA,AL,1,0
20150624,OAK,AL,TEX,AL,8,2
20150624,LAN,NL,CHN,NL,5,2
20150624,ARI,NL,COL,NL,8,7
20150624,SLN,NL,MIA,NL,6,1
20150624,NYN,NL,MIL,NL,1,4
20150624,CIN,NL,PIT,NL,5,2
20150624,SDN,NL,SFN,NL,0,6
20150624,ATL,NL,WAS,NL,1,2
20150625,BAL,AL,BOS,AL,8,6
20150625,CHA,AL,DET,AL,8,7
20150625,NYA,AL,HOU,AL,0,4
20150625,OAK,AL,TEX,AL,6,3
20150625,LAN,NL,CHN,NL,4,0
20150625,ARI,NL,COL,NL,4,6
20150625,SLN,NL,MIA,NL,5,1
20150625,NYN,NL,MIL,NL,2,0
20150625,CIN,NL,PIT,NL,5,4
20150625,SDN,NL,SFN,NL,8,13
20150625,ATL,NL,WAS,NL,0,7
20150626,SEA,AL,ANA,AL,3,1
20150626,CLE,AL,BAL,AL,3,4
20150626,CHA,AL,DET,AL,4,5
20150626,NYA,AL,HOU,AL,3,2
20150626,KCA,AL,OAK,AL,5,2
20150626,BOS,AL,TBA,AL,4,3
20150626,TEX,AL,TOR,AL,2,12
20150626,LAN,NL,MIA,NL,7,1
20150626,MIN,AL,MIL,NL,4,10
20150626,CIN,NL,NYN,NL,1,2
20150626,WAS,NL,PHI,NL,5,2
20150626,ATL,NL,PIT,NL,2,3
20150626,ARI,NL,SDN,NL,2,4
20150626,COL,NL,SFN,NL,8,6
20150626,CHN,NL,SLN,NL,2,3
20150627,SEA,AL,ANA,AL,2,4
20150627,NYA,AL,HOU,AL,9,6
20150627,KCA,AL,OAK,AL,3,2
20150627,BOS,AL,TBA,AL,1,4
20150627,TEX,AL,TOR,AL,4,0
20150627,LAN,NL,MIA,NL,2,3
20150627,MIN,AL,MIL,NL,5,2
20150627,CIN,NL,NYN,NL,1,2
20150627,ATL,NL,PIT,NL,4,8
20150627,ARI,NL,SDN,NL,2,7
20150627,COL,NL,SFN,NL,5,7
20150627,CHN,NL,SLN,NL,1,8
20150628,SEA,AL,ANA,AL,2,3
20150628,CLE,AL,BAL,AL,0,4
20150628,CLE,AL,BAL,AL,0,8
20150628,CHA,AL,DET,AL,4,5
20150628,NYA,AL,HOU,AL,1,3
20150628,KCA,AL,OAK,AL,5,3
20150628,BOS,AL,TBA,AL,5,3
20150628,TEX,AL,TOR,AL,2,3
20150628,LAN,NL,MIA,NL,2,0
20150628,MIN,AL,MIL,NL,3,5
20150628,CIN,NL,NYN,NL,2,7
20150628,WAS,NL,PHI,NL,3,2
20150628,WAS,NL,PHI,NL,5,8
20150628,ATL,NL,PIT,NL,2,1
20150628,ARI,NL,SDN,NL,6,4
20150628,COL,NL,SFN,NL,3,6
20150628,CHN,NL,SLN,NL,1,4
20150629,NYA,AL,ANA,AL,1,4
20150629,TEX,AL,BAL,AL,8,1
20150629,KCA,AL,HOU,AL,1,6
20150629,COL,NL,OAK,AL,1,7
20150629,CLE,AL,TBA,AL,7,1
20150629,BOS,AL,TOR,AL,3,1
20150629,LAN,NL,ARI,NL,6,10
20150629,MIN,AL,CIN,NL,7,11
20150629,MIL,NL,PHI,NL,7,4
20150630,NYA,AL,ANA,AL,1,2
20150630,TEX,AL,BAL,AL,8,6
20150630,PIT,NL,DET,AL,5,4
20150630,KCA,AL,HOU,AL,0,4
20150630,COL,NL,OAK,AL,2,1
20150630,CLE,AL,TBA,AL,6,2
20150630,BOS,AL,TOR,AL,4,3
20150630,LAN,NL,ARI,NL,6,4
20150630,WAS,NL,ATL,NL,6,1
20150630,MIN,AL,CIN,NL,8,5
20150630,SFN,NL,MIA,NL,3,5
20150630,CHN,NL,NYN,NL,1,0
20150630,MIL,NL,PHI,NL,4,3
20150630,SEA,AL,SDN,NL,5,0
20150630,CHA,AL,SLN,NL,2,1
20150701,NYA,AL,ANA,AL,3,1
20150701,TEX,AL,BAL,AL,2,4
20150701,PIT,NL,DET,AL,9,3
20150701,KCA,AL,HOU,AL,5,6
20150701,COL,NL,OAK,AL,1,4
20150701,CLE,AL,TBA,AL,8,1
20150701,BOS,AL,TOR,AL,2,11
20150701,LAN,NL,ARI,NL,4,3
20150701,WAS,NL,ATL,NL,1,4
20150701,MIN,AL,CIN,NL,1,2
20150701,SFN,NL,MIA,NL,5,6
20150701,CHN,NL,NYN,NL,2,0
20150701,MIL,NL,PHI,NL,9,5
20150701,SEA,AL,SDN,NL,7,0
20150701,CHA,AL,SLN,NL,7,1
20150702,TEX,AL,BAL,AL,2,0
20150702,PIT,NL,DET,AL,8,4
20150702,MIN,AL,KCA,AL,2,0
20150702,SEA,AL,OAK,AL,0,4
20150702,CLE,AL,TBA,AL,5,4
20150702,BOS,AL,TOR,AL,12,6
20150702,COL,NL,ARI,NL,1,8
20150702,WAS,NL,ATL,NL,1,2
20150702,SFN,NL,MIA,NL,4,5
20150702,CHN,NL,NYN,NL,6,1
20150702,MIL,NL,PHI,NL,8,7
20150702,SDN,NL,SLN,NL,5,3
20150703,HOU,AL,BOS,AL,12,8
20150703,BAL,AL,CHA,AL,0,1
20150703,TOR,AL,DET,AL,6,8
20150703,MIN,AL,KCA,AL,2,3
20150703,TBA,AL,NYA,AL,5,7
20150703,SEA,AL,OAK,AL,9,5
20150703,ANA,AL,TEX,AL,8,2
20150703,COL,NL,ARI,NL,3,4
20150703,PHI,NL,ATL,NL,1,2
20150703,MIA,NL,CHN,NL,2,1
20150703,MIL,NL,CIN,NL,12,1
20150703,NYN,NL,LAN,NL,2,1
20150703,CLE,AL,PIT,NL,5,2
20150703,SDN,NL,SLN,NL,2,1
20150703,SFN,NL,WAS,NL,1,2
20150704,HOU,AL,BOS,AL,1,6
20150704,BAL,AL,CHA,AL,2,3
20150704,TOR,AL,DET,AL,3,8
20150704,MIN,AL,KCA,AL,5,3
20150704,TBA,AL,NYA,AL,2,3
20150704,SEA,AL,OAK,AL,0,2
20150704,ANA,AL,TEX,AL,13,0
20150704,COL,NL,ARI,NL,3,7
20150704,PHI,NL,ATL,NL,5,9
20150704,MIA,NL,CHN,NL,2,7
20150704,MIL,NL,CIN,NL,7,3
20150704,NYN,NL,LAN,NL,3,4
20150704,CLE,AL,PIT,NL,0,1
20150704,SDN,NL,SLN,NL,1,2
20150704,SFN,NL,WAS,NL,3,9
20150705,HOU,AL,BOS,AL,4,5
20150705,BAL,AL,CHA,AL,9,1
20150705,TOR,AL,DET,AL,10,5
20150705,MIN,AL,KCA,AL,2,3
20150705,TBA,AL,NYA,AL,8,1
20150705,SEA,AL,OAK,AL,2,1
20150705,ANA,AL,TEX,AL,12,6
20150705,COL,NL,ARI,NL,6,4
20150705,PHI,NL,ATL,NL,4,0
20150705,MIA,NL,CHN,NL,0,2
20150705,MIL,NL,CIN,NL,6,1
20150705,NYN,NL,LAN,NL,8,0
20150705,CLE,AL,PIT,NL,3,5
20150705,SDN,NL,SLN,NL,1,3
20150705,SFN,NL,WAS,NL,1,3
20150706,TOR,AL,CHA,AL,2,4
20150706,HOU,AL,CLE,AL,9,4
20150706,BAL,AL,MIN,AL,2,4
20150706,DET,AL,SEA,AL,12,5
20150706,SLN,NL,CHN,NL,6,0
20150706,PHI,NL,LAN,NL,7,10
20150706,ATL,NL,MIL,NL,5,3
20150706,SDN,NL,PIT,NL,1,2
20150706,NYN,NL,SFN,NL,3,0
20150706,CIN,NL,WAS,NL,3,2
20150707,MIA,NL,BOS,AL,3,4
20150707,TOR,AL,CHA,AL,2,1
20150707,HOU,AL,CLE,AL,0,2
20150707,TBA,AL,KCA,AL,5,9
20150707,TBA,AL,KCA,AL,1,7
20150707,BAL,AL,MIN,AL,3,8
20150707,OAK,AL,NYA,AL,4,3
20150707,DET,AL,SEA,AL,6,7
20150707,ARI,NL,TEX,AL,4,2
20150707,SLN,NL,CHN,NL,4,7
20150707,SLN,NL,CHN,NL,3,5
20150707,ANA,AL,COL,NL,10,2
20150707,PHI,NL,LAN,NL,7,2
20150707,ATL,NL,MIL,NL,4,3
20150707,SDN,NL,PIT,NL,2,3
20150707,NYN,NL,SFN,NL,0,3
20150707,CIN,NL,WAS,NL,5,0
20150708,MIA,NL,BOS,AL,3,6
20150708,TOR,AL,CHA,AL,6,7
20150708,HOU,AL,CLE,AL,2,4
20150708,TBA,AL,KCA,AL,7,9
20150708,BAL,AL,MIN,AL,3,5
20150708,OAK,AL,NYA,AL,4,5
20150708,DET,AL,SEA,AL,5,4
20150708,ARI,NL,TEX,AL,7,4
20150708,SLN,NL,CHN,NL,6,5
20150708,ANA,AL,COL,NL,3,2
20150708,PHI,NL,LAN,NL,0,5
20150708,ATL,NL,MIL,NL,5,6
20150708,SDN,NL,PIT,NL,2,5
20150708,NYN,NL,SFN,NL,4,1
20150709,TOR,AL,CHA,AL,0,2
20150709,HOU,AL,CLE,AL,1,3
20150709,TBA,AL,KCA,AL,3,8
20150709,DET,AL,MIN,AL,4,2
20150709,OAK,AL,NYA,AL,2,6
20150709,ANA,AL,SEA,AL,2,7
20150709,ATL,NL,COL,NL,3,5
20150709,PHI,NL,LAN,NL,0,6
20150709,CIN,NL,MIA,NL,0,2
20150709,SLN,NL,PIT,NL,4,1
20150710,WAS,NL,BAL,AL,2,3
20150710,NYA,AL,BOS,AL,5,1
20150710,OAK,AL,CLE,AL,1,5
20150710,TOR,AL,KCA,AL,0,3
20150710,DET,AL,MIN,AL,6,8
20150710,ANA,AL,SEA,AL,7,3
20150710,HOU,AL,TBA,AL,1,3
20150710,SDN,NL,TEX,AL,3,4
20150710,CHA,AL,CHN,NL,1,0
20150710,ATL,NL,COL,NL,3,5
20150710,MIL,NL,LAN,NL,2,3
20150710,CIN,NL,MIA,NL,1,0
20150710,ARI,NL,NYN,NL,2,4
20150710,SLN,NL,PIT,NL,2,5
20150710,PHI,NL,SFN,NL,2,15
20150711,WAS,NL,BAL,AL,7,4
20150711,NYA,AL,BOS,AL,3,5
20150711,OAK,AL,CLE,AL,5,4
20150711,TOR,AL,KCA,AL,6,2
20150711,DET,AL,MIN,AL,5,9
20150711,ANA,AL,SEA,AL,0,5
20150711,HOU,AL,TBA,AL,0,3
20150711,SDN,NL,TEX,AL,6,5
20150711,CHA,AL,CHN,NL,5,1
20150711,ATL,NL,COL,NL,2,3
20150711,MIL,NL,LAN,NL,7,1
20150711,CIN,NL,MIA,NL,3,14
20150711,ARI,NL,NYN,NL,2,4
20150711,SLN,NL,PIT,NL,5,6
20150711,PHI,NL,SFN,NL,5,8
20150712,WAS,NL,BAL,AL,3,2
20150712,NYA,AL,BOS,AL,8,6
20150712,OAK,AL,CLE,AL,2,0
20150712,TOR,AL,KCA,AL,10,11
20150712,DET,AL,MIN,AL,1,7
20150712,ANA,AL,SEA,AL,10,3
20150712,HOU,AL,TBA,AL,3,4
20150712,SDN,NL,TEX,AL,2,1
20150712,CHA,AL,CHN,NL,1,3
20150712,ATL,NL,COL,NL,3,11
20150712,MIL,NL,LAN,NL,3,4
20150712,CIN,NL,MIA,NL,1,8
20150712,ARI,NL,NYN,NL,3,5
20150712,SLN,NL,PIT,NL,5,6
20150712,PHI,NL,SFN,NL,2,4
20150717,BOS,AL,ANA,AL,0,1
20150717,KCA,AL,CHA,AL,4,2
20150717,KCA,AL,CHA,AL,0,2
20150717,BAL,AL,DET,AL,3,7
20150717,TEX,AL,HOU,AL,2,3
20150717,SEA,AL,NYA,AL,3,4
20150717,MIN,AL,OAK,AL,5,0
20150717,TBA,AL,TOR,AL,2,6
20150717,SFN,NL,ARI,NL,6,5
20150717,CHN,NL,ATL,NL,2,4
20150717,CLE,AL,CIN,NL,1,6
20150717,PIT,NL,MIL,NL,1,4
20150717,MIA,NL,PHI,NL,3,6
20150717,COL,NL,SDN,NL,2,4
20150717,NYN,NL,SLN,NL,2,3
20150717,LAN,NL,WAS,NL,3,5
20150718,BOS,AL,ANA,AL,0,3
20150718,KCA,AL,CHA,AL,7,6
20150718,BAL,AL,DET,AL,3,0
20150718,TEX,AL,HOU,AL,7,6
20150718,SEA,AL,NYA,AL,4,3
20150718,MIN,AL,OAK,AL,2,3
20150718,TBA,AL,TOR,AL,3,2
20150718,SFN,NL,ARI,NL,8,4
20150718,CHN,NL,ATL,NL,4,0
20150718,CLE,AL,CIN,NL,9,4
20150718,PIT,NL,MIL,NL,5,8
20150718,MIA,NL,PHI,NL,1,3
20150718,COL,NL,SDN,NL,4,5
20150718,NYN,NL,SLN,NL,2,12
20150718,LAN,NL,WAS,NL,4,2
20150719,KCA,AL,CHA,AL,4,1
20150719,BAL,AL,DET,AL,9,3
20150719,TEX,AL,HOU,AL,0,10
20150719,SEA,AL,NYA,AL,1,2
20150719,MIN,AL,OAK,AL,1,14
20150719,TBA,AL,TOR,AL,0,4
20150719,SFN,NL,ARI,NL,2,1
20150719,CHN,NL,ATL,NL,4,1
20150719,CLE,AL,CIN,NL,5,3
20150719,PIT,NL,MIL,NL,1,6
20150719,MIA,NL,PHI,NL,7,8
20150719,NYN,NL,SLN,NL,3,1
20150719,LAN,NL,WAS,NL,5,0
20150720,BOS,AL,ANA,AL,1,11
20150720,BOS,AL,ANA,AL,3,7
20150720,SEA,AL,DET,AL,4,5
20150720,PIT,NL,KCA,AL,10,7
20150720,MIA,NL,ARI,NL,1,3
20150720,LAN,NL,ATL,NL,5,7
20150720,CHN,NL,CIN,NL,4,5
20150720,TEX,AL,COL,NL,7,8
20150720,TBA,AL,PHI,NL,3,5
20150720,SFN,NL,SDN,NL,2,4
20150720,NYN,NL,WAS,NL,2,7
20150721,MIN,AL,ANA,AL,0,7
20150721,SLN,NL,CHA,AL,8,5
20150721,SEA,AL,DET,AL,11,9
20150721,BOS,AL,HOU,AL,3,8
20150721,PIT,NL,KCA,AL,1,3
20150721,BAL,AL,NYA,AL,2,3
20150721,TOR,AL,OAK,AL,7,1
20150721,MIA,NL,ARI,NL,3,0
20150721,LAN,NL,ATL,NL,3,4
20150721,CHN,NL,CIN,NL,5,4
20150721,TEX,AL,COL,NL,9,0
20150721,CLE,AL,MIL,NL,1,8
20150721,TBA,AL,PHI,NL,1,0
20150721,SFN,NL,SDN,NL,9,3
20150721,NYN,NL,WAS,NL,7,2
20150722,MIN,AL,ANA,AL,2,5
20150722,SLN,NL,CHA,AL,3,2
20150722,SEA,AL,DET,AL,4,9
20150722,BOS,AL,HOU,AL,2,4
20150722,PIT,NL,KCA,AL,1,5
20150722,BAL,AL,NYA,AL,3,4
20150722,TOR,AL,OAK,AL,3,4
20150722,MIA,NL,ARI,NL,5,3
20150722,LAN,NL,ATL,NL,3,1
20150722,CHN,NL,CIN,NL,1,9
20150722,CHN,NL,CIN,NL,6,5
20150722,TEX,AL,COL,NL,10,8
20150722,CLE,AL,MIL,NL,7,5
20150722,TBA,AL,PHI,NL,4,5
20150722,SFN,NL,SDN,NL,7,1
20150722,NYN,NL,WAS,NL,3,4
20150723,MIN,AL,ANA,AL,3,0
20150723,CHA,AL,CLE,AL,8,1
20150723,SEA,AL,DET,AL,3,2
20150723,BOS,AL,HOU,AL,4,5
20150723,BAL,AL,NYA,AL,3,9
20150723,TOR,AL,OAK,AL,5,2
20150723,MIL,NL,ARI,NL,3,8
20150723,LAN,NL,NYN,NL,3,0
20150723,WAS,NL,PIT,NL,3,7
20150723,MIA,NL,SDN,NL,4,0
20150723,KCA,AL,SLN,NL,3,4
20150724,TEX,AL,ANA,AL,4,2
20150724,DET,AL,BOS,AL,1,2
20150724,CHA,AL,CLE,AL,6,0
20150724,HOU,AL,KCA,AL,4,0
20150724,NYA,AL,MIN,AL,1,10
20150724,TOR,AL,SEA,AL,2,5
20150724,BAL,AL,TBA,AL,1,3
20150724,MIL,NL,ARI,NL,2,1
20150724,PHI,NL,CHN,NL,5,3
20150724,CIN,NL,COL,NL,5,6
20150724,LAN,NL,NYN,NL,7,2
20150724,WAS,NL,PIT,NL,5,7
20150724,MIA,NL,SDN,NL,1,3
20150724,OAK,AL,SFN,NL,3,9
20150724,ATL,NL,SLN,NL,2,4
20150725,TEX,AL,ANA,AL,7,6
20150725,DET,AL,BOS,AL,5,1
20150725,CHA,AL,CLE,AL,10,3
20150725,HOU,AL,KCA,AL,1,2
20150725,NYA,AL,MIN,AL,8,5
20150725,TOR,AL,SEA,AL,8,6
20150725,BAL,AL,TBA,AL,5,1
20150725,MIL,NL,ARI,NL,0,2
20150725,PHI,NL,CHN,NL,5,0
20150725,CIN,NL,COL,NL,5,2
20150725,LAN,NL,NYN,NL,2,15
20150725,WAS,NL,PIT,NL,9,3
20150725,MIA,NL,SDN,NL,1,3
20150725,OAK,AL,SFN,NL,1,2
20150725,ATL,NL,SLN,NL,0,1
20150726,TEX,AL,ANA,AL,7,13
20150726,DET,AL,BOS,AL,1,11
20150726,CHA,AL,CLE,AL,2,1
20150726,HOU,AL,KCA,AL,1,5
20150726,NYA,AL,MIN,AL,7,2
20150726,TOR,AL,SEA,AL,5,6
20150726,BAL,AL,TBA,AL,5,2
20150726,MIL,NL,ARI,NL,0,3
20150726,PHI,NL,CHN,NL,11,5
20150726,CIN,NL,COL,NL,7,17
20150726,LAN,NL,NYN,NL,2,3
20150726,WAS,NL,PIT,NL,1,3
20150726,MIA,NL,SDN,NL,2,3
20150726,OAK,AL,SFN,NL,3,4
20150726,ATL,NL,SLN,NL,3,2
20150727,ATL,NL,BAL,AL,1,2
20150727,CHA,AL,BOS,AL,10,8
20150727,KCA,AL,CLE,AL,9,4
20150727,ARI,NL,SEA,AL,4,3
20150727,DET,AL,TBA,AL,2,5
20150727,NYA,AL,TEX,AL,6,2
20150727,COL,NL,CHN,NL,8,9
20150727,MIL,NL,SFN,NL,2,4
20150727,CIN,NL,SLN,NL,1,4
20150728,ATL,NL,BAL,AL,3,7
20150728,CHA,AL,BOS,AL,9,4
20150728,KCA,AL,CLE,AL,2,1
20150728,ANA,AL,HOU,AL,5,10
20150728,PIT,NL,MIN,AL,8,7
20150728,ARI,NL,SEA,AL,8,4
20150728,DET,AL,TBA,AL,2,10
20150728,NYA,AL,TEX,AL,21,5
20150728,PHI,NL,TOR,AL,3,2
20150728,COL,NL,CHN,NL,7,2
20150728,OAK,AL,LAN,NL,2,0
20150728,WAS,NL,MIA,NL,1,4
20150728,SDN,NL,NYN,NL,0,4
20150728,MIL,NL,SFN,NL,5,2
20150728,CIN,NL,SLN,NL,4,0
20150729,ATL,NL,BAL,AL,0,2
20150729,CHA,AL,BOS,AL,9,2
20150729,KCA,AL,CLE,AL,1,12
20150729,ANA,AL,HOU,AL,3,6
20150729,PIT,NL,MIN,AL,10,4
20150729,ARI,NL,SEA,AL,8,2
20150729,DET,AL,TBA,AL,2,1
20150729,NYA,AL,TEX,AL,2,5
20150729,PHI,NL,TOR,AL,2,8
20150729,COL,NL,CHN,NL,2,3
20150729,OAK,AL,LAN,NL,7,10
20150729,WAS,NL,MIA,NL,7,2
20150729,SDN,NL,NYN,NL,7,3
20150729,MIL,NL,SFN,NL,0,5
20150729,CIN,NL,SLN,NL,1,0
20150730,DET,AL,BAL,AL,9,8
20150730,CHA,AL,BOS,AL,2,8
20150730,ANA,AL,HOU,AL,0,3
20150730,SEA,AL,MIN,AL,5,9
20150730,CLE,AL,OAK,AL,3,1
20150730,NYA,AL,TEX,AL,6,7
20150730,KCA,AL,TOR,AL,2,5
20150730,PIT,NL,CIN,NL,5,15
20150730,WAS,NL,MIA,NL,1,0
20150730,CHN,NL,MIL,NL,5,2
20150730,SDN,NL,NYN,NL,8,7
20150730,ATL,NL,PHI,NL,1,4
20150730,COL,NL,SLN,NL,8,9
20150731,DET,AL,BAL,AL,7,8
20150731,TBA,AL,BOS,AL,5,7
20150731,NYA,AL,CHA,AL,13,6
20150731,ARI,NL,HOU,AL,6,4
20150731,SEA,AL,MIN,AL,6,1
20150731,CLE,AL,OAK,AL,2,1
20150731,SFN,NL,TEX,AL,3,6
20150731,KCA,AL,TOR,AL,6,7
20150731,PIT,NL,CIN,NL,5,4
20150731,ANA,AL,LAN,NL,3,5
20150731,SDN,NL,MIA,NL,8,3
20150731,CHN,NL,MIL,NL,4,1
20150731,WAS,NL,NYN,NL,1,2
20150731,ATL,NL,PHI,NL,3,9
20150731,COL,NL,SLN,NL,0,7
20150801,DET,AL,BAL,AL,2,6
20150801,TBA,AL,BOS,AL,7,11
20150801,NYA,AL,CHA,AL,2,8
20150801,ARI,NL,HOU,AL,2,9
20150801,SEA,AL,MIN,AL,2,3
20150801,CLE,AL,OAK,AL,1,5
20150801,SFN,NL,TEX,AL,9,7
20150801,KCA,AL,TOR,AL,7,6
20150801,PIT,NL,CIN,NL,3,4
20150801,ANA,AL,LAN,NL,1,3
20150801,SDN,NL,MIA,NL,5,3
20150801,CHN,NL,MIL,NL,4,2
20150801,WAS,NL,NYN,NL,2,3
20150801,ATL,NL,PHI,NL,2,12
20150801,COL,NL,SLN,NL,6,2
20150802,DET,AL,BAL,AL,6,1
20150802,TBA,AL,BOS,AL,4,3
20150802,NYA,AL,CHA,AL,12,3
20150802,ARI,NL,HOU,AL,1,4
20150802,SEA,AL,MIN,AL,4,1
20150802,CLE,AL,OAK,AL,1,2
20150802,SFN,NL,TEX,AL,1,2
20150802,KCA,AL,TOR,AL,2,5
20150802,PIT,NL,CIN,NL,3,0
20150802,ANA,AL,LAN,NL,3,5
20150802,SDN,NL,MIA,NL,2,5
20150802,CHN,NL,MIL,NL,4,3
20150802,WAS,NL,NYN,NL,2,5
20150802,ATL,NL,PHI,NL,6,2
20150802,COL,NL,SLN,NL,2,3
20150803,CLE,AL,ANA,AL,4,5
20150803,TBA,AL,CHA,AL,5,4
20150803,BAL,AL,OAK,AL,9,2
20150803,HOU,AL,TEX,AL,9,12
20150803,MIN,AL,TOR,AL,1,5
20150803,SFN,NL,ATL,NL,8,9
20150803,SEA,AL,COL,NL,8,7
20150803,NYN,NL,MIA,NL,12,1
20150803,SDN,NL,MIL,NL,13,5
20150803,ARI,NL,WAS,NL,6,4
20150804,CLE,AL,ANA,AL,2,0
20150804,TBA,AL,CHA,AL,11,3
20150804,KCA,AL,DET,AL,5,1
20150804,BOS,AL,NYA,AL,3,13
20150804,BAL,AL,OAK,AL,0,5
20150804,HOU,AL,TEX,AL,3,4
20150804,MIN,AL,TOR,AL,1,3
20150804,SFN,NL,ATL,NL,8,3
20150804,SLN,NL,CIN,NL,2,3
20150804,SEA,AL,COL,NL,10,4
20150804,NYN,NL,MIA,NL,5,1
20150804,SDN,NL,MIL,NL,1,4
20150804,LAN,NL,PHI,NL,2,6
20150804,CHN,NL,PIT,NL,5,0
20150804,ARI,NL,WAS,NL,4,5
20150805,CLE,AL,ANA,AL,3,4
20150805,TBA,AL,CHA,AL,5,6
20150805,KCA,AL,DET,AL,1,2
20150805,BOS,AL,NYA,AL,2,1
20150805,BAL,AL,OAK,AL,7,3
20150805,HOU,AL,TEX,AL,3,4
20150805,MIN,AL,TOR,AL,7,9
20150805,SFN,NL,ATL,NL,6,1
20150805,SLN,NL,CIN,NL,4,3
20150805,SEA,AL,COL,NL,5,7
20150805,NYN,NL,MIA,NL,8,6
20150805,SDN,NL,MIL,NL,5,8
20150805,LAN,NL,PHI,NL,4,3
20150805,CHN,NL,PIT,NL,5,7
20150805,ARI,NL,WAS,NL,11,4
20150806,KCA,AL,DET,AL,6,8
20150806,BOS,AL,NYA,AL,1,2
20150806,HOU,AL,OAK,AL,5,4
20150806,MIN,AL,TOR,AL,3,9
20150806,MIA,NL,ATL,NL,8,9
20150806,SFN,NL,CHN,NL,4,5
20150806,SLN,NL,CIN,NL,3,0
20150806,SDN,NL,MIL,NL,1,10
20150806,LAN,NL,PHI,NL,10,8
20150806,ARI,NL,WAS,NL,3,8
20150807,BAL,AL,ANA,AL,4,8
20150807,MIN,AL,CLE,AL,10,9
20150807,BOS,AL,DET,AL,7,2
20150807,CHA,AL,KCA,AL,2,3
20150807,TOR,AL,NYA,AL,2,1
20150807,HOU,AL,OAK,AL,1,3
20150807,TEX,AL,SEA,AL,3,4
20150807,NYN,NL,TBA,AL,4,3
20150807,CIN,NL,ARI,NL,0,2
20150807,MIA,NL,ATL,NL,3,6
20150807,SFN,NL,CHN,NL,3,7
20150807,SLN,NL,MIL,NL,6,0
20150807,LAN,NL,PIT,NL,4,5
20150807,PHI,NL,SDN,NL,4,3
20150807,COL,NL,WAS,NL,5,4
20150808,BAL,AL,ANA,AL,5,0
20150808,MIN,AL,CLE,AL,4,17
20150808,BOS,AL,DET,AL,6,7
20150808,CHA,AL,KCA,AL,6,7
20150808,TOR,AL,NYA,AL,6,0
20150808,HOU,AL,OAK,AL,1,2
20150808,TEX,AL,SEA,AL,11,3
20150808,NYN,NL,TBA,AL,4,5
20150808,CIN,NL,ARI,NL,4,1
20150808,MIA,NL,ATL,NL,2,7
20150808,SFN,NL,CHN,NL,6,8
20150808,SLN,NL,MIL,NL,3,0
20150808,LAN,NL,PIT,NL,5,6
20150808,PHI,NL,SDN,NL,4,2
20150808,COL,NL,WAS,NL,1,6
20150809,BAL,AL,ANA,AL,4,5
20150809,MIN,AL,CLE,AL,1,8
20150809,BOS,AL,DET,AL,7,2
20150809,CHA,AL,KCA,AL,4,5
20150809,TOR,AL,NYA,AL,2,0
20150809,HOU,AL,OAK,AL,4,5
20150809,TEX,AL,SEA,AL,2,4
20150809,NYN,NL,TBA,AL,3,4
20150809,CIN,NL,ARI,NL,3,4
20150809,MIA,NL,ATL,NL,4,1
20150809,SFN,NL,CHN,NL,0,2
20150809,SLN,NL,MIL,NL,4,5
20150809,LAN,NL,PIT,NL,6,13
20150809,PHI,NL,SDN,NL,5,3
20150809,COL,NL,WAS,NL,6,4
20150810,ANA,AL,CHA,AL,2,8
20150810,DET,AL,KCA,AL,0,4
20150810,BAL,AL,SEA,AL,3,2
20150810,PHI,NL,ARI,NL,3,13
20150810,WAS,NL,LAN,NL,8,3
20150810,COL,NL,NYN,NL,2,4
20150810,CIN,NL,SDN,NL,1,2
20150811,ANA,AL,CHA,AL,0,3
20150811,NYA,AL,CLE,AL,4,5
20150811,DET,AL,KCA,AL,1,6
20150811,TEX,AL,MIN,AL,2,3
20150811,BAL,AL,SEA,AL,5,6
20150811,ATL,NL,TBA,AL,0,2
20150811,OAK,AL,TOR,AL,2,4
20150811,PHI,NL,ARI,NL,1,13
20150811,MIL,NL,CHN,NL,3,6
20150811,WAS,NL,LAN,NL,0,5
20150811,BOS,AL,MIA,NL,4,5
20150811,COL,NL,NYN,NL,0,4
20150811,CIN,NL,SDN,NL,6,11
20150811,HOU,AL,SFN,NL,1,3
20150811,PIT,NL,SLN,NL,3,4
20150812,ANA,AL,CHA,AL,2,3
20150812,NYA,AL,CLE,AL,1,2
20150812,DET,AL,KCA,AL,7,4
20150812,TEX,AL,MIN,AL,1,11
20150812,BAL,AL,SEA,AL,0,3
20150812,ATL,NL,TBA,AL,6,9
20150812,OAK,AL,TOR,AL,3,10
20150812,PHI,NL,ARI,NL,7,6
20150812,MIL,NL,CHN,NL,2,3
20150812,WAS,NL,LAN,NL,0,3
20150812,BOS,AL,MIA,NL,6,14
20150812,COL,NL,NYN,NL,0,3
20150812,CIN,NL,SDN,NL,7,3
20150812,HOU,AL,SFN,NL,2,0
20150812,PIT,NL,SLN,NL,2,4
20150813,NYA,AL,CLE,AL,8,6
20150813,ANA,AL,KCA,AL,7,6
20150813,TEX,AL,MIN,AL,6,5
20150813,OAK,AL,TOR,AL,2,4
20150813,MIL,NL,CHN,NL,2,9
20150813,CIN,NL,LAN,NL,10,3
20150813,COL,NL,NYN,NL,3,12
20150813,WAS,NL,SFN,NL,1,3
20150813,PIT,NL,SLN,NL,10,5
20150814,OAK,AL,BAL,AL,6,8
20150814,SEA,AL,BOS,AL,1,15
20150814,CHN,NL,CHA,AL,6,5
20150814,DET,AL,HOU,AL,1,5
20150814,ANA,AL,KCA,AL,1,4
20150814,CLE,AL,MIN,AL,6,1
20150814,TBA,AL,TEX,AL,3,5
20150814,NYA,AL,TOR,AL,4,3
20150814,ARI,NL,ATL,NL,2,3
20150814,SDN,NL,COL,NL,9,5
20150814,CIN,NL,LAN,NL,3,5
20150814,PHI,NL,MIL,NL,1,3
20150814,PIT,NL,NYN,NL,3,2
20150814,WAS,NL,SFN,NL,5,8
20150814,MIA,NL,SLN,NL,1,3
20150815,OAK,AL,BAL,AL,3,4
20150815,SEA,AL,BOS,AL,10,22
20150815,CHN,NL,CHA,AL,6,3
20150815,DET,AL,HOU,AL,4,2
20150815,ANA,AL,KCA,AL,4,9
20150815,CLE,AL,MIN,AL,1,4
20150815,TBA,AL,TEX,AL,4,12
20150815,NYA,AL,TOR,AL,4,1
20150815,ARI,NL,ATL,NL,8,4
20150815,SDN,NL,COL,NL,7,5
20150815,CIN,NL,LAN,NL,3,8
20150815,PHI,NL,MIL,NL,2,4
20150815,PIT,NL,NYN,NL,5,3
20150815,WAS,NL,SFN,NL,6,12
20150815,MIA,NL,SLN,NL,2,6
20150816,OAK,AL,BAL,AL,2,18
20150816,SEA,AL,BOS,AL,10,8
20150816,CHN,NL,CHA,AL,1,3
20150816,DET,AL,HOU,AL,5,6
20150816,ANA,AL,KCA,AL,3,4
20150816,CLE,AL,MIN,AL,1,4
20150816,TBA,AL,TEX,AL,3,5
20150816,NYA,AL,TOR,AL,1,3
20150816,ARI,NL,ATL,NL,1,2
20150816,SDN,NL,COL,NL,0,5
20150816,CIN,NL,LAN,NL,1,2
20150816,PHI,NL,MIL,NL,1,6
20150816,PIT,NL,NYN,NL,8,1
20150816,WAS,NL,SFN,NL,0,5
20150816,MIA,NL,SLN,NL,6,4
20150817,CHA,AL,ANA,AL,1,2
20150817,OAK,AL,BAL,AL,2,4
20150817,CLE,AL,BOS,AL,8,2
20150817,TBA,AL,HOU,AL,9,2
20150817,MIN,AL,NYA,AL,7,8
20150817,SEA,AL,TEX,AL,3,4
20150817,MIA,NL,MIL,NL,6,2
20150817,ARI,NL,PIT,NL,4,1
20150817,ATL,NL,SDN,NL,3,5
20150817,SFN,NL,SLN,NL,1,2
20150818,CHA,AL,ANA,AL,3,5
20150818,NYN,NL,BAL,AL,5,3
20150818,CLE,AL,BOS,AL,1,9
20150818,TBA,AL,HOU,AL,2,3
20150818,MIN,AL,NYA,AL,4,8
20150818,LAN,NL,OAK,AL,4,5
20150818,SEA,AL,TEX,AL,3,2
20150818,DET,AL,CHN,NL,10,8
20150818,KCA,AL,CIN,NL,3,1
20150818,WAS,NL,COL,NL,15,6
20150818,MIA,NL,MIL,NL,9,6
20150818,TOR,AL,PHI,NL,8,5
20150818,ARI,NL,PIT,NL,8,9
20150818,ATL,NL,SDN,NL,0,9
20150818,SFN,NL,SLN,NL,2,0
20150819,CHA,AL,ANA,AL,0,1
20150819,NYN,NL,BAL,AL,4,5
20150819,CLE,AL,BOS,AL,4,6
20150819,TBA,AL,HOU,AL,2,3
20150819,MIN,AL,NYA,AL,3,4
20150819,LAN,NL,OAK,AL,2,5
20150819,SEA,AL,TEX,AL,2,7
20150819,DET,AL,CHN,NL,15,8
20150819,KCA,AL,CIN,NL,4,3
20150819,WAS,NL,COL,NL,4,1
20150819,MIA,NL,MIL,NL,7,8
20150819,TOR,AL,PHI,NL,4,7
20150819,ARI,NL,PIT,NL,1,4
20150819,ATL,NL,SDN,NL,2,3
20150819,SFN,NL,SLN,NL,3,4
20150820,CHA,AL,ANA,AL,8,2
20150820,MIN,AL,BAL,AL,15,2
20150820,KCA,AL,BOS,AL,1,4
20150820,TEX,AL,DET,AL,0,4
20150820,TBA,AL,HOU,AL,1,0
20150820,CLE,AL,NYA,AL,3,2
20150820,ATL,NL,CHN,NL,1,7
20150820,ARI,NL,CIN,NL,5,4
20150820,WAS,NL,COL,NL,2,3
20150820,PHI,NL,MIA,NL,7,9
20150820,SFN,NL,PIT,NL,0,4
20150821,TOR,AL,ANA,AL,9,2
20150821,MIN,AL,BAL,AL,4,3
20150821,KCA,AL,BOS,AL,2,7
20150821,TEX,AL,DET,AL,2,0
20150821,LAN,NL,HOU,AL,0,3
20150821,CLE,AL,NYA,AL,7,3
20150821,TBA,AL,OAK,AL,2,1
20150821,CHA,AL,SEA,AL,11,4
20150821,ATL,NL,CHN,NL,3,5
20150821,ARI,NL,CIN,NL,6,3
20150821,NYN,NL,COL,NL,14,9
20150821,PHI,NL,MIA,NL,7,1
20150821,SFN,NL,PIT,NL,6,4
20150821,SLN,NL,SDN,NL,3,9
20150821,MIL,NL,WAS,NL,10,3
20150822,TOR,AL,ANA,AL,15,3
20150822,MIN,AL,BAL,AL,3,2
20150822,KCA,AL,BOS,AL,6,3
20150822,TEX,AL,DET,AL,5,3
20150822,LAN,NL,HOU,AL,1,3
20150822,CLE,AL,NYA,AL,2,6
20150822,TBA,AL,OAK,AL,5,4
20150822,CHA,AL,SEA,AL,6,3
20150822,ATL,NL,CHN,NL,7,9
20150822,ARI,NL,CIN,NL,11,7
20150822,NYN,NL,COL,NL,14,9
20150822,PHI,NL,MIA,NL,4,2
20150822,SFN,NL,PIT,NL,2,3
20150822,SLN,NL,SDN,NL,0,8
20150822,MIL,NL,WAS,NL,1,6
20150823,TOR,AL,ANA,AL,12,5
20150823,MIN,AL,BAL,AL,4,3
20150823,KCA,AL,BOS,AL,8,6
20150823,TEX,AL,DET,AL,4,2
20150823,LAN,NL,HOU,AL,2,3
20150823,CLE,AL,NYA,AL,4,3
20150823,TBA,AL,OAK,AL,2,8
20150823,CHA,AL,SEA,AL,6,8
20150823,ATL,NL,CHN,NL,3,9
20150823,ARI,NL,CIN,NL,4,0
20150823,NYN,NL,COL,NL,5,1
20150823,PHI,NL,MIA,NL,2,0
20150823,SFN,NL,PIT,NL,2,5
20150823,SLN,NL,SDN,NL,10,3
20150823,MIL,NL,WAS,NL,5,9
20150824,BOS,AL,CHA,AL,5,4
20150824,BAL,AL,KCA,AL,3,8
20150824,HOU,AL,NYA,AL,0,1
20150824,OAK,AL,SEA,AL,11,5
20150824,SLN,NL,ARI,NL,5,3
20150824,COL,NL,ATL,NL,3,5
20150824,CLE,AL,CHN,NL,1,2
20150824,DET,AL,CIN,NL,5,12
20150824,PIT,NL,MIA,NL,5,2
20150824,NYN,NL,PHI,NL,16,7
20150825,BOS,AL,CHA,AL,4,5
20150825,MIL,NL,CLE,AL,6,11
20150825,ANA,AL,DET,AL,8,7
20150825,BAL,AL,KCA,AL,2,3
20150825,HOU,AL,NYA,AL,15,1
20150825,OAK,AL,SEA,AL,5,6
20150825,MIN,AL,TBA,AL,11,7
20150825,TOR,AL,TEX,AL,6,5
20150825,SLN,NL,ARI,NL,9,1
20150825,COL,NL,ATL,NL,5,1
20150825,LAN,NL,CIN,NL,5,1
20150825,PIT,NL,MIA,NL,2,5
20150825,NYN,NL,PHI,NL,6,5
20150825,CHN,NL,SFN,NL,8,5
20150825,SDN,NL,WAS,NL,3,8
20150826,BOS,AL,CHA,AL,3,0
20150826,MIL,NL,CLE,AL,2,6
20150826,ANA,AL,DET,AL,0,5
20150826,BAL,AL,KCA,AL,8,5
20150826,HOU,AL,NYA,AL,6,2
20150826,OAK,AL,SEA,AL,2,8
20150826,MIN,AL,TBA,AL,5,3
20150826,TOR,AL,TEX,AL,12,4
20150826,SLN,NL,ARI,NL,3,1
20150826,COL,NL,ATL,NL,6,3
20150826,LAN,NL,CIN,NL,7,4
20150826,PIT,NL,MIA,NL,7,2
20150826,NYN,NL,PHI,NL,9,4
20150826,CHN,NL,SFN,NL,2,4
20150826,SDN,NL,WAS,NL,6,5
20150827,SEA,AL,CHA,AL,2,4
20150827,ANA,AL,DET,AL,2,0
20150827,BAL,AL,KCA,AL,3,5
20150827,MIN,AL,TBA,AL,4,5
20150827,TOR,AL,TEX,AL,1,4
20150827,SLN,NL,ARI,NL,5,3
20150827,LAN,NL,CIN,NL,1,0
20150827,PIT,NL,MIA,NL,2,1
20150827,NYN,NL,PHI,NL,9,5
20150827,CHN,NL,SFN,NL,1,9
20150827,SDN,NL,WAS,NL,2,4
20150828,SEA,AL,CHA,AL,2,0
20150828,ANA,AL,CLE,AL,1,3
20150828,HOU,AL,MIN,AL,0,3
20150828,KCA,AL,TBA,AL,3,2
20150828,BAL,AL,TEX,AL,1,4
20150828,DET,AL,TOR,AL,3,5
20150828,OAK,AL,ARI,NL,4,6
20150828,NYA,AL,ATL,NL,15,4
20150828,CHN,NL,LAN,NL,1,4
20150828,CIN,NL,MIL,NL,0,5
20150828,BOS,AL,NYN,NL,6,4
20150828,SDN,NL,PHI,NL,1,7
20150828,COL,NL,PIT,NL,3,5
20150828,SLN,NL,SFN,NL,4,5
20150828,MIA,NL,WAS,NL,4,3
20150829,SEA,AL,CHA,AL,7,6
20150829,ANA,AL,CLE,AL,3,8
20150829,HOU,AL,MIN,AL,4,1
20150829,KCA,AL,TBA,AL,6,3
20150829,BAL,AL,TEX,AL,3,4
20150829,DET,AL,TOR,AL,1,15
20150829,OAK,AL,ARI,NL,3,2
20150829,NYA,AL,ATL,NL,3,1
20150829,CHN,NL,LAN,NL,2,5
20150829,CIN,NL,MIL,NL,12,9
20150829,BOS,AL,NYN,NL,3,1
20150829,SDN,NL,PHI,NL,3,4
20150829,COL,NL,PIT,NL,3,4
20150829,SLN,NL,SFN,NL,6,0
20150829,MIA,NL,WAS,NL,1,5
20150830,SEA,AL,CHA,AL,5,6
20150830,ANA,AL,CLE,AL,2,9
20150830,HOU,AL,MIN,AL,5,7
20150830,KCA,AL,TBA,AL,2,3
20150830,BAL,AL,TEX,AL,0,6
20150830,DET,AL,TOR,AL,2,9
20150830,OAK,AL,ARI,NL,7,4
20150830,NYA,AL,ATL,NL,20,6
20150830,CHN,NL,LAN,NL,2,0
20150830,CIN,NL,MIL,NL,1,4
20150830,BOS,AL,NYN,NL,4,5
20150830,SDN,NL,PHI,NL,9,4
20150830,COL,NL,PIT,NL,5,0
20150830,SLN,NL,SFN,NL,7,5
20150830,MIA,NL,WAS,NL,4,7
20150831,TBA,AL,BAL,AL,6,3
20150831,NYA,AL,BOS,AL,3,4
20150831,SEA,AL,HOU,AL,3,8
20150831,ANA,AL,OAK,AL,5,11
20150831,CLE,AL,TOR,AL,4,2
20150831,MIA,NL,ATL,NL,4,0
20150831,CIN,NL,CHN,NL,13,6
20150831,ARI,NL,COL,NL,4,5
20150831,SFN,NL,LAN,NL,4,5
20150831,PHI,NL,NYN,NL,1,3
20150831,TEX,AL,SDN,NL,0,7
20150831,WAS,NL,SLN,NL,5,8
20150901,TBA,AL,BAL,AL,11,2
20150901,NYA,AL,BOS,AL,3,1
20150901,SEA,AL,HOU,AL,7,5
20150901,DET,AL,KCA,AL,6,5
20150901,CHA,AL,MIN,AL,6,8
20150901,ANA,AL,OAK,AL,6,2
20150901,CLE,AL,TOR,AL,3,5
20150901,MIA,NL,ATL,NL,7,1
20150901,CIN,NL,CHN,NL,4,5
20150901,ARI,NL,COL,NL,6,4
20150901,ARI,NL,COL,NL,5,3
20150901,SFN,NL,LAN,NL,1,2
20150901,PIT,NL,MIL,NL,4,7
20150901,PHI,NL,NYN,NL,14,8
20150901,TEX,AL,SDN,NL,8,6
20150901,WAS,NL,SLN,NL,5,8
20150902,TBA,AL,BAL,AL,6,7
20150902,NYA,AL,BOS,AL,13,8
20150902,SEA,AL,HOU,AL,8,3
20150902,DET,AL,KCA,AL,1,12
20150902,CHA,AL,MIN,AL,0,3
20150902,ANA,AL,OAK,AL,9,4
20150902,CLE,AL,TOR,AL,1,5
20150902,MIA,NL,ATL,NL,7,3
20150902,CIN,NL,CHN,NL,7,4
20150902,ARI,NL,COL,NL,4,9
20150902,SFN,NL,LAN,NL,1,2
20150902,PIT,NL,MIL,NL,4,9
20150902,PHI,NL,NYN,NL,4,9
20150902,TEX,AL,SDN,NL,4,3
20150902,WAS,NL,SLN,NL,4,3
20150903,DET,AL,KCA,AL,7,15
20150903,CHA,AL,MIN,AL,6,4
20150903,SFN,NL,COL,NL,3,11
20150903,PIT,NL,MIL,NL,3,5
20150903,LAN,NL,SDN,NL,7,10
20150903,ATL,NL,WAS,NL,1,15
20150904,TEX,AL,ANA,AL,2,5
20150904,PHI,NL,BOS,AL,5,7
20150904,CLE,AL,DET,AL,8,1
20150904,MIN,AL,HOU,AL,0,8
20150904,CHA,AL,KCA,AL,12,1
20150904,TBA,AL,NYA,AL,2,5
20150904,SEA,AL,OAK,AL,11,8
20150904,BAL,AL,TOR,AL,10,2
20150904,ARI,NL,CHN,NL,5,14
20150904,SFN,NL,COL,NL,1,2
20150904,NYN,NL,MIA,NL,5,6
20150904,LAN,NL,SDN,NL,8,4
20150904,PIT,NL,SLN,NL,9,3
20150904,ATL,NL,WAS,NL,2,5
20150905,TEX,AL,ANA,AL,2,1
20150905,PHI,NL,BOS,AL,2,9
20150905,CLE,AL,DET,AL,0,6
20150905,MIN,AL,HOU,AL,3,2
20150905,CHA,AL,KCA,AL,6,1
20150905,TBA,AL,NYA,AL,3,2
20150905,SEA,AL,OAK,AL,8,3
20150905,BAL,AL,TOR,AL,1,5
20150905,ARI,NL,CHN,NL,0,2
20150905,MIL,NL,CIN,NL,8,6
20150905,MIL,NL,CIN,NL,7,3
20150905,SFN,NL,COL,NL,7,3
20150905,NYN,NL,MIA,NL,7,0
20150905,LAN,NL,SDN,NL,2,0
20150905,PIT,NL,SLN,NL,1,4
20150905,ATL,NL,WAS,NL,2,8
20150906,TEX,AL,ANA,AL,0,7
20150906,PHI,NL,BOS,AL,2,6
20150906,CLE,AL,DET,AL,4,0
20150906,MIN,AL,HOU,AL,5,8
20150906,CHA,AL,KCA,AL,7,5
20150906,TBA,AL,NYA,AL,4,6
20150906,SEA,AL,OAK,AL,3,2
20150906,BAL,AL,TOR,AL,4,10
20150906,ARI,NL,CHN,NL,4,6
20150906,MIL,NL,CIN,NL,3,6
20150906,SFN,NL,COL,NL,7,4
20150906,NYN,NL,MIA,NL,3,4
20150906,LAN,NL,SDN,NL,5,1
20150906,PIT,NL,SLN,NL,7,1
20150906,ATL,NL,WAS,NL,4,8
20150907,LAN,NL,ANA,AL,7,5
20150907,TOR,AL,BOS,AL,4,11
20150907,CLE,AL,CHA,AL,3,2
20150907,TBA,AL,DET,AL,4,5
20150907,MIN,AL,KCA,AL,6,2
20150907,BAL,AL,NYA,AL,6,8
20150907,HOU,AL,OAK,AL,9,10
20150907,TEX,AL,SEA,AL,3,0
20150907,SFN,NL,ARI,NL,1,6
20150907,PIT,NL,CIN,NL,1,3
20150907,MIL,NL,MIA,NL,9,1
20150907,ATL,NL,PHI,NL,7,2
20150907,COL,NL,SDN,NL,6,4
20150907,CHN,NL,SLN,NL,9,0
20150907,NYN,NL,WAS,NL,8,5
20150908,LAN,NL,ANA,AL,6,4
20150908,TOR,AL,BOS,AL,5,1
20150908,CLE,AL,CHA,AL,4,7
20150908,TBA,AL,DET,AL,7,8
20150908,MIN,AL,KCA,AL,2,4
20150908,BAL,AL,NYA,AL,2,1
20150908,HOU,AL,OAK,AL,0,4
20150908,TEX,AL,SEA,AL,9,6
20150908,SFN,NL,ARI,NL,6,2
20150908,PIT,NL,CIN,NL,7,3
20150908,MIL,NL,MIA,NL,4,6
20150908,ATL,NL,PHI,NL,0,5
20150908,COL,NL,SDN,NL,1,2
20150908,CHN,NL,SLN,NL,8,5
20150908,NYN,NL,WAS,NL,8,7
20150909,LAN,NL,ANA,AL,2,3
20150909,TOR,AL,BOS,AL,4,10
20150909,CLE,AL,CHA,AL,6,4
20150909,TBA,AL,DET,AL,8,0
20150909,MIN,AL,KCA,AL,3,2
20150909,BAL,AL,NYA,AL,5,3
20150909,HOU,AL,OAK,AL,11,5
20150909,TEX,AL,SEA,AL,0,6
20150909,SFN,NL,ARI,NL,1,2
20150909,PIT,NL,CIN,NL,5,4
20150909,MIL,NL,MIA,NL,2,5
20150909,ATL,NL,PHI,NL,8,1
20150909,COL,NL,SDN,NL,4,11
20150909,CHN,NL,SLN,NL,3,4
20150909,NYN,NL,WAS,NL,5,3
20150910,DET,AL,CLE,AL,5,7
20150910,TEX,AL,SEA,AL,0,5
20150910,NYN,NL,ATL,NL,7,2
20150910,SLN,NL,CIN,NL,0,11
20150910,MIL,NL,PIT,NL,6,4
20150910,COL,NL,SDN,NL,4,3
20150911,HOU,AL,ANA,AL,2,3
20150911,KCA,AL,BAL,AL,8,14
20150911,MIN,AL,CHA,AL,6,2
20150911,TOR,AL,NYA,AL,11,5
20150911,COL,NL,SEA,AL,4,2
20150911,BOS,AL,TBA,AL,4,8
20150911,OAK,AL,TEX,AL,0,4
20150911,LAN,NL,ARI,NL,4,12
20150911,NYN,NL,ATL,NL,5,1
20150911,SLN,NL,CIN,NL,2,4
20150911,WAS,NL,MIA,NL,1,2
20150911,CHN,NL,PHI,NL,5,1
20150911,CHN,NL,PHI,NL,7,3
20150911,MIL,NL,PIT,NL,3,6
20150911,SDN,NL,SFN,NL,1,9
20150912,HOU,AL,ANA,AL,2,3
20150912,KCA,AL,BAL,AL,14,6
20150912,MIN,AL,CHA,AL,2,8
20150912,TOR,AL,NYA,AL,9,5
20150912,TOR,AL,NYA,AL,10,7
20150912,COL,NL,SEA,AL,2,7
20150912,BOS,AL,TBA,AL,10,4
20150912,OAK,AL,TEX,AL,5,3
20150912,LAN,NL,ARI,NL,9,5
20150912,NYN,NL,ATL,NL,6,4
20150912,SLN,NL,CIN,NL,1,5
20150912,WAS,NL,MIA,NL,0,2
20150912,CHN,NL,PHI,NL,5,7
20150912,MIL,NL,PIT,NL,2,10
20150912,SDN,NL,SFN,NL,0,8
20150913,HOU,AL,ANA,AL,5,3
20150913,KCA,AL,BAL,AL,2,8
20150913,MIN,AL,CHA,AL,7,0
20150913,DET,AL,CLE,AL,2,7
20150913,DET,AL,CLE,AL,9,2
20150913,TOR,AL,NYA,AL,0,5
20150913,COL,NL,SEA,AL,3,2
20150913,BOS,AL,TBA,AL,2,0
20150913,OAK,AL,TEX,AL,4,12
20150913,LAN,NL,ARI,NL,4,3
20150913,NYN,NL,ATL,NL,10,7
20150913,SLN,NL,CIN,NL,9,2
20150913,WAS,NL,MIA,NL,5,0
20150913,CHN,NL,PHI,NL,4,7
20150913,MIL,NL,PIT,NL,6,7
20150913,SDN,NL,SFN,NL,3,10
20150914,BOS,AL,BAL,AL,0,2
20150914,OAK,AL,CHA,AL,7,8
20150914,KCA,AL,CLE,AL,3,8
20150914,DET,AL,MIN,AL,1,7
20150914,ANA,AL,SEA,AL,1,10
20150914,NYA,AL,TBA,AL,4,1
20150914,HOU,AL,TEX,AL,3,5
20150914,SDN,NL,ARI,NL,10,3
20150914,COL,NL,LAN,NL,1,4
20150914,MIA,NL,NYN,NL,3,4
20150914,WAS,NL,PHI,NL,8,7
20150914,CIN,NL,SFN,NL,3,5
20150915,BOS,AL,BAL,AL,5,6
20150915,OAK,AL,CHA,AL,17,6
20150915,KCA,AL,CLE,AL,2,0
20150915,DET,AL,MIN,AL,5,4
20150915,ANA,AL,SEA,AL,4,3
20150915,NYA,AL,TBA,AL,3,6
20150915,HOU,AL,TEX,AL,5,6
20150915,SDN,NL,ARI,NL,4,6
20150915,TOR,AL,ATL,NL,2,3
20150915,COL,NL,LAN,NL,5,4
20150915,SLN,NL,MIL,NL,3,1
20150915,MIA,NL,NYN,NL,9,3
20150915,WAS,NL,PHI,NL,4,0
20150915,CHN,NL,PIT,NL,4,5
20150915,CHN,NL,PIT,NL,2,1
20150915,CIN,NL,SFN,NL,9,8
20150916,BOS,AL,BAL,AL,10,1
20150916,OAK,AL,CHA,AL,4,9
20150916,KCA,AL,CLE,AL,1,5
20150916,DET,AL,MIN,AL,7,4
20150916,ANA,AL,SEA,AL,1,3
20150916,NYA,AL,TBA,AL,3,1
20150916,HOU,AL,TEX,AL,3,14
20150916,SDN,NL,ARI,NL,4,3
20150916,TOR,AL,ATL,NL,9,1
20150916,COL,NL,LAN,NL,0,2
20150916,SLN,NL,MIL,NL,5,4
20150916,MIA,NL,NYN,NL,6,0
20150916,WAS,NL,PHI,NL,12,2
20150916,CHN,NL,PIT,NL,3,2
20150916,CIN,NL,SFN,NL,3,5
20150917,OAK,AL,CHA,AL,4,2
20150917,KCA,AL,CLE,AL,8,4
20150917,ANA,AL,MIN,AL,11,8
20150917,BAL,AL,TBA,AL,4,3
20150917,HOU,AL,TEX,AL,2,8
20150917,TOR,AL,ATL,NL,5,0
20150917,SLN,NL,MIL,NL,6,3
20150917,CHN,NL,PIT,NL,9,6
20150917,MIA,NL,WAS,NL,6,4
20150918,CHA,AL,CLE,AL,1,12
20150918,KCA,AL,DET,AL,4,5
20150918,OAK,AL,HOU,AL,4,3
20150918,BAL,AL,TBA,AL,6,8
20150918,SEA,AL,TEX,AL,3,1
20150918,BOS,AL,TOR,AL,1,6
20150918,PHI,NL,ATL,NL,1,2
20150918,SLN,NL,CHN,NL,3,8
20150918,SDN,NL,COL,NL,4,7
20150918,PIT,NL,LAN,NL,2,6
20150918,CIN,NL,MIL,NL,5,3
20150918,NYA,AL,NYN,NL,1,5
20150918,ARI,NL,SFN,NL,2,0
20150918,MIA,NL,WAS,NL,4,5
20150919,CHA,AL,CLE,AL,4,3
20150919,KCA,AL,DET,AL,5,6
20150919,OAK,AL,HOU,AL,6,10
20150919,ANA,AL,MIN,AL,4,3
20150919,ANA,AL,MIN,AL,5,2
20150919,BAL,AL,TBA,AL,2,1
20150919,SEA,AL,TEX,AL,1,10
20150919,BOS,AL,TOR,AL,7,6
20150919,PHI,NL,ATL,NL,1,2
20150919,SLN,NL,CHN,NL,4,5
20150919,SDN,NL,COL,NL,2,10
20150919,PIT,NL,LAN,NL,3,2
20150919,CIN,NL,MIL,NL,9,7
20150919,NYA,AL,NYN,NL,5,0
20150919,ARI,NL,SFN,NL,6,0
20150919,MIA,NL,WAS,NL,2,5
20150920,CHA,AL,CLE,AL,3,6
20150920,KCA,AL,DET,AL,10,3
20150920,OAK,AL,HOU,AL,1,5
20150920,ANA,AL,MIN,AL,1,8
20150920,BAL,AL,TBA,AL,6,7
20150920,SEA,AL,TEX,AL,9,2
20150920,BOS,AL,TOR,AL,4,3
20150920,PHI,NL,ATL,NL,1,2
20150920,SLN,NL,CHN,NL,4,3
20150920,SDN,NL,COL,NL,10,4
20150920,PIT,NL,LAN,NL,4,3
20150920,CIN,NL,MIL,NL,4,8
20150920,NYA,AL,NYN,NL,11,2
20150920,ARI,NL,SFN,NL,1,5
20150920,MIA,NL,WAS,NL,3,13
20150921,TBA,AL,BOS,AL,7,8
20150921,CHA,AL,DET,AL,2,0
20150921,CHA,AL,DET,AL,3,2
20150921,ANA,AL,HOU,AL,3,6
20150921,NYA,AL,TOR,AL,2,4
20150921,MIL,NL,CHN,NL,5,9
20150921,PIT,NL,COL,NL,9,3
20150921,ARI,NL,LAN,NL,8,4
20150921,ATL,NL,NYN,NL,0,4
20150921,CIN,NL,SLN,NL,1,2
20150922,TBA,AL,BOS,AL,5,2
20150922,CHA,AL,DET,AL,1,2
20150922,ANA,AL,HOU,AL,4,3
20150922,SEA,AL,KCA,AL,11,2
20150922,CLE,AL,MIN,AL,1,3
20150922,TEX,AL,OAK,AL,8,6
20150922,NYA,AL,TOR,AL,6,4
20150922,MIL,NL,CHN,NL,0,4
20150922,PIT,NL,COL,NL,6,3
20150922,ARI,NL,LAN,NL,8,0
20150922,PHI,NL,MIA,NL,6,2
20150922,ATL,NL,NYN,NL,6,2
20150922,SFN,NL,SDN,NL,4,2
20150922,CIN,NL,SLN,NL,1,3
20150922,BAL,AL,WAS,NL,4,1
20150923,TBA,AL,BOS,AL,6,2
20150923,CHA,AL,DET,AL,4,7
20150923,ANA,AL,HOU,AL,6,5
20150923,SEA,AL,KCA,AL,3,4
20150923,CLE,AL,MIN,AL,2,4
20150923,TEX,AL,OAK,AL,10,3
20150923,NYA,AL,TOR,AL,0,4
20150923,MIL,NL,CHN,NL,4,1
20150923,PIT,NL,COL,NL,13,7
20150923,ARI,NL,LAN,NL,1,4
20150923,PHI,NL,MIA,NL,3,4
20150923,ATL,NL,NYN,NL,6,3
20150923,SFN,NL,SDN,NL,4,5
20150923,CIN,NL,SLN,NL,2,10
20150923,BAL,AL,WAS,NL,4,3
20150924,TBA,AL,BOS,AL,4,2
20150924,SEA,AL,KCA,AL,4,10
20150924,CLE,AL,MIN,AL,6,3
20150924,CHA,AL,NYA,AL,2,3
20150924,TEX,AL,OAK,AL,8,1
20150924,NYN,NL,CIN,NL,6,4
20150924,PIT,NL,COL,NL,5,4
20150924,ARI,NL,LAN,NL,3,6
20150924,PHI,NL,MIA,NL,0,1
20150924,SFN,NL,SDN,NL,4,5
20150924,MIL,NL,SLN,NL,3,7
20150924,BAL,AL,WAS,NL,5,4
20150925,SEA,AL,ANA,AL,4,8
20150925,BAL,AL,BOS,AL,0,7
20150925,MIN,AL,DET,AL,4,6
20150925,TEX,AL,HOU,AL,6,2
20150925,CLE,AL,KCA,AL,6,0
20150925,CHA,AL,NYA,AL,5,2
20150925,SFN,NL,OAK,AL,4,5
20150925,TBA,AL,TOR,AL,3,5
20150925,PIT,NL,CHN,NL,3,2
20150925,NYN,NL,CIN,NL,12,5
20150925,LAN,NL,COL,NL,4,7
20150925,ATL,NL,MIA,NL,11,12
20150925,ARI,NL,SDN,NL,6,3
20150925,MIL,NL,SLN,NL,4,3
20150925,PHI,NL,WAS,NL,8,2
20150926,SEA,AL,ANA,AL,2,3
20150926,BAL,AL,BOS,AL,0,8
20150926,MIN,AL,DET,AL,6,2
20150926,TEX,AL,HOU,AL,7,9
20150926,CLE,AL,KCA,AL,9,5
20150926,CHA,AL,NYA,AL,1,2
20150926,SFN,NL,OAK,AL,14,10
20150926,TBA,AL,TOR,AL,8,10
20150926,PIT,NL,CHN,NL,4,0
20150926,NYN,NL,CIN,NL,10,2
20150926,LAN,NL,COL,NL,6,8
20150926,ATL,NL,MIA,NL,2,6
20150926,ARI,NL,SDN,NL,0,3
20150926,MIL,NL,SLN,NL,1,5
20150926,PHI,NL,WAS,NL,1,2
20150927,SEA,AL,ANA,AL,2,3
20150927,BAL,AL,BOS,AL,0,2
20150927,MIN,AL,DET,AL,7,1
20150927,TEX,AL,HOU,AL,2,4
20150927,CLE,AL,KCA,AL,0,3
20150927,CHA,AL,NYA,AL,1,6
20150927,SFN,NL,OAK,AL,5,4
20150927,TBA,AL,TOR,AL,4,5
20150927,PIT,NL,CHN,NL,0,4
20150927,NYN,NL,CIN,NL,8,1
20150927,LAN,NL,COL,NL,5,12
20150927,ATL,NL,MIA,NL,5,9
20150927,ARI,NL,SDN,NL,4,2
20150927,MIL,NL,SLN,NL,8,4
20150927,PHI,NL,WAS,NL,12,5
20150928,OAK,AL,ANA,AL,4,5
20150928,TOR,AL,BAL,AL,4,3
20150928,MIN,AL,CLE,AL,4,2
20150928,BOS,AL,NYA,AL,5,1
20150928,HOU,AL,SEA,AL,3,2
20150928,DET,AL,TEX,AL,7,4
20150928,KCA,AL,CHN,NL,0,1
20150928,SLN,NL,PIT,NL,3,0
20150928,LAN,NL,SFN,NL,2,3
20150928,CIN,NL,WAS,NL,1,5
20150929,OAK,AL,ANA,AL,1,8
20150929,KCA,AL,CHA,AL,2,4
20150929,BOS,AL,NYA,AL,10,4
20150929,HOU,AL,SEA,AL,4,6
20150929,MIA,NL,TBA,AL,2,4
20150929,DET,AL,TEX,AL,6,7
20150929,COL,NL,ARI,NL,3,4
20150929,WAS,NL,ATL,NL,1,2
20150929,CHN,NL,CIN,NL,4,1
20150929,NYN,NL,PHI,NL,3,4
20150929,MIL,NL,SDN,NL,4,3
20150929,LAN,NL,SFN,NL,8,0
20150930,OAK,AL,ANA,AL,8,7
20150930,TOR,AL,BAL,AL,15,2
20150930,TOR,AL,BAL,AL,1,8
20150930,KCA,AL,CHA,AL,5,3
20150930,MIN,AL,CLE,AL,7,1
20150930,MIN,AL,CLE,AL,2,10
20150930,BOS,AL,NYA,AL,9,5
20150930,HOU,AL,SEA,AL,7,6
20150930,MIA,NL,TBA,AL,4,6
20150930,DET,AL,TEX,AL,2,6
20150930,COL,NL,ARI,NL,1,3
20150930,WAS,NL,ATL,NL,0,2
20150930,CHN,NL,CIN,NL,10,3
20150930,NYN,NL,PHI,NL,5,7
20150930,SLN,NL,PIT,NL,2,8
20150930,SLN,NL,PIT,NL,11,1
20150930,MIL,NL,SDN,NL,5,0
20150930,LAN,NL,SFN,NL,0,5
20151001,TOR,AL,BAL,AL,4,6
20151001,KCA,AL,CHA,AL,6,4
20151001,MIN,AL,CLE,AL,4,2
20151001,BOS,AL,NYA,AL,1,4
20151001,MIA,NL,TBA,AL,1,4
20151001,ANA,AL,TEX,AL,3,5
20151001,COL,NL,ARI,NL,6,8
20151001,WAS,NL,ATL,NL,3,0
20151001,CHN,NL,CIN,NL,5,3
20151001,NYN,NL,PHI,NL,0,3
20151001,MIL,NL,SDN,NL,1,3
20151001,LAN,NL,SFN,NL,3,2
20151002,DET,AL,CHA,AL,1,2
20151002,BOS,AL,CLE,AL,2,8
20151002,KCA,AL,MIN,AL,3,1
20151002,OAK,AL,SEA,AL,4,2
20151002,TOR,AL,TBA,AL,8,4
20151002,ANA,AL,TEX,AL,2,1
20151002,HOU,AL,ARI,NL,21,5
20151002,SLN,NL,ATL,NL,0,4
20151002,SDN,NL,LAN,NL,2,6
20151002,CHN,NL,MIL,NL,6,1
20151002,CIN,NL,PIT,NL,4,6
20151002,COL,NL,SFN,NL,9,3
20151003,NYA,AL,BAL,AL,2,9
20151003,NYA,AL,BAL,AL,3,4
20151003,DET,AL,CHA,AL,3,4
20151003,BOS,AL,CLE,AL,0,2
20151003,KCA,AL,MIN,AL,5,1
20151003,OAK,AL,SEA,AL,7,5
20151003,TOR,AL,TBA,AL,3,4
20151003,ANA,AL,TEX,AL,11,10
20151003,HOU,AL,ARI,NL,6,2
20151003,SDN,NL,LAN,NL,1,2
20151003,CHN,NL,MIL,NL,1,0
20151003,WAS,NL,NYN,NL,3,1
20151003,WAS,NL,NYN,NL,2,0
20151003,MIA,NL,PHI,NL,7,6
20151003,MIA,NL,PHI,NL,5,2
20151003,CIN,NL,PIT,NL,3,1
20151003,COL,NL,SFN,NL,2,3
20151004,NYA,AL,BAL,AL,4,9
20151004,DET,AL,CHA,AL,6,0
20151004,BOS,AL,CLE,AL,1,3
20151004,KCA,AL,MIN,AL,6,1
20151004,OAK,AL,SEA,AL,2,3
20151004,TOR,AL,TBA,AL,3,12
20151004,ANA,AL,TEX,AL,2,9
20151004,HOU,AL,ARI,NL,3,5
20151004,SLN,NL,ATL,NL,0,6
20151004,SLN,NL,ATL,NL,0,2
20151004,SDN,NL,LAN,NL,3,6
20151004,CHN,NL,MIL,NL,3,1
20151004,WAS,NL,NYN,NL,0,1
20151004,MIA,NL,PHI,NL,2,7
20151004,CIN,NL,PIT,NL,0,4
20151004,COL,NL,SFN,NL,7,3